eval_dataset,fold,model,n_train,n_test,test_subjects,latent_corr_mean,residual_latent_corr_mean,pca_explained_variance,roi_corr_mean,roi_corr_median,roi_corr_positive_frac,spatial_corr_mean,spatial_corr_median,r2_uniform,r2_variance_weighted,best_epoch,best_val_mse,epochs_ran
Affective_music_listening_OpenNeuro_ds002725,1,time_dataset_ridge,13002,6504,sub-04 sub-05 sub-06 sub-07 sub-15 sub-17 sub-18,0.13902531587518752,nan,0.8076364994049072,0.20016189888497138,0.17300289869308472,0.875,0.09129491637435452,0.10974214598536491,0.05226805433630943,0.05226805433630943,0.0,nan,0.0
Affective_music_listening_OpenNeuro_ds002725,1,single_labram_ridge,13002,6504,sub-04 sub-05 sub-06 sub-07 sub-15 sub-17 sub-18,0.0335785272764042,nan,0.8076364994049072,-0.03903474473008828,-0.03464410826563835,0.375,-0.06598593373489996,-0.08050084859132767,-0.27450236678123474,-0.27450236678123474,0.0,nan,0.0
Affective_music_listening_OpenNeuro_ds002725,1,pooled_labram_mlp,51846,6504,sub-04 sub-05 sub-06 sub-07 sub-15 sub-17 sub-18,0.03698359668487683,nan,0.8076364994049072,0.010507653954846319,-0.003978423774242401,0.453125,-0.003762492510022218,0.0014595863758586347,-0.011371255852282047,-0.011371258646249771,1.0,1.0034841502022094,6.0
Affective_music_listening_OpenNeuro_ds002725,1,pooled_labram_shifted_null,51846,6504,sub-04 sub-05 sub-06 sub-07 sub-15 sub-17 sub-18,-0.024652369203977287,nan,0.8076364994049072,-0.06650111662747804,-0.058986080810427666,0.125,-0.032075453426214116,-0.06387452781200409,-0.05637864023447037,-0.056378647685050964,4.0,1.004246183160014,9.0
Affective_music_listening_OpenNeuro_ds002725,1,pooled_labram_residual_mlp,51846,6504,sub-04 sub-05 sub-06 sub-07 sub-15 sub-17 sub-18,0.13383173802867532,0.022309052059426904,0.8076364994049072,0.17856520204077242,0.14642224460840225,0.8125,0.06246916120083119,0.06363171711564064,0.02957426756620407,0.029574265703558922,1.0,0.8977124843194867,6.0
Affective_music_listening_OpenNeuro_ds002725,1,pooled_labram_residual_shifted_null,51846,6504,sub-04 sub-05 sub-06 sub-07 sub-15 sub-17 sub-18,0.13603417109698057,-0.013813278870657086,0.8076364994049072,0.19059830590049387,0.15284781903028488,0.875,0.08344590616134816,0.08852338418364525,0.04339902848005295,0.043399035930633545,1.0,0.8931761333769147,6.0
Motor_imagery_neurofeedback_XP2_OpenNeuro_ds002338,1,time_dataset_ridge,3542,1932,sub-xp204 sub-xp205 sub-xp206 sub-xp207 sub-xp218 sub-xp219,0.2229512620542664,nan,0.8751996755599976,0.33449753022978257,0.2843973934650421,0.859375,0.3508544966367165,0.4239613264799118,0.142849862575531,0.1428498923778534,0.0,nan,0.0
Motor_imagery_neurofeedback_XP2_OpenNeuro_ds002338,1,single_labram_ridge,3542,1932,sub-xp204 sub-xp205 sub-xp206 sub-xp207 sub-xp218 sub-xp219,-0.01843913848279044,nan,0.8751996755599976,0.011074457305994656,0.004748306004330516,0.640625,-0.032454844539140326,-0.04111854173243046,-7.352815628051758,-7.352815628051758,0.0,nan,0.0
Motor_imagery_neurofeedback_XP2_OpenNeuro_ds002338,1,pooled_labram_mlp,56418,1932,sub-xp204 sub-xp205 sub-xp206 sub-xp207 sub-xp218 sub-xp219,0.059459138894453645,nan,0.8751996755599976,0.1271191038613324,0.13872436434030533,0.796875,0.019118944371814755,0.028427142649888992,0.008313089609146118,0.008313091471791267,1.0,0.9991348448740343,6.0
Motor_imagery_neurofeedback_XP2_OpenNeuro_ds002338,1,pooled_labram_shifted_null,56418,1932,sub-xp204 sub-xp205 sub-xp206 sub-xp207 sub-xp218 sub-xp219,0.019382285769097507,nan,0.8751996755599976,0.1336845350506337,0.14237450063228607,0.828125,0.015305876576847963,0.03309216350317001,0.00396142341196537,0.003961424343287945,1.0,1.0006478796428775,6.0
Motor_imagery_neurofeedback_XP2_OpenNeuro_ds002338,1,pooled_labram_residual_mlp,56418,1932,sub-xp204 sub-xp205 sub-xp206 sub-xp207 sub-xp218 sub-xp219,0.22588264840305783,0.028299080673605204,0.8751996755599976,0.33453669074424397,0.28514060378074646,0.859375,0.3529972620484875,0.4278429001569748,0.1413554549217224,0.1413554698228836,1.0,0.9174169847375615,6.0
Motor_imagery_neurofeedback_XP2_OpenNeuro_ds002338,1,pooled_labram_residual_shifted_null,56418,1932,sub-xp204 sub-xp205 sub-xp206 sub-xp207 sub-xp218 sub-xp219,0.22242113447282463,-0.0560558628058061,0.8751996755599976,0.33470274526098365,0.28557541966438293,0.84375,0.34281432741642426,0.4114518314599991,0.1408425271511078,0.14084255695343018,1.0,0.9102830434347814,6.0
Multi_session_EEG_fMRI_experience_sampling_OpenNeuro_ds007216,1,time_dataset_ridge,5289,2620,sub-004 sub-005 sub-006 sub-007 sub-013 sub-018 sub-021 sub-024,0.2328910706564784,nan,0.7882498502731323,0.1507958430738654,0.12500273808836937,0.75,0.1513615728644344,0.1706061065196991,0.03049890324473381,0.030498886480927467,0.0,nan,0.0
Multi_session_EEG_fMRI_experience_sampling_OpenNeuro_ds007216,1,single_labram_ridge,5289,2620,sub-004 sub-005 sub-006 sub-007 sub-013 sub-018 sub-021 sub-024,-0.002167568905861117,nan,0.7882498502731323,0.002638643097725435,0.0009372169297421351,0.5,0.008742293073654216,0.03254589065909386,-4.776068687438965,-4.776068687438965,0.0,nan,0.0
Multi_session_EEG_fMRI_experience_sampling_OpenNeuro_ds007216,1,pooled_labram_mlp,55730,2620,sub-004 sub-005 sub-006 sub-007 sub-013 sub-018 sub-021 sub-024,0.03110353390366072,nan,0.7882498502731323,0.015943394046189496,0.008942242246121168,0.515625,0.022555628774414048,0.048826344311237335,0.00021503306925296783,0.00021503186144400388,1.0,1.0232374899057242,6.0
Multi_session_EEG_fMRI_experience_sampling_OpenNeuro_ds007216,1,pooled_labram_shifted_null,55730,2620,sub-004 sub-005 sub-006 sub-007 sub-013 sub-018 sub-021 sub-024,0.07403257850091904,nan,0.7882498502731323,0.037753900895040715,0.032877761870622635,0.75,0.03053039746114163,0.07840205356478691,0.00047481153160333633,0.0004748111532535404,1.0,1.022252503138322,6.0
Multi_session_EEG_fMRI_experience_sampling_OpenNeuro_ds007216,1,pooled_labram_residual_mlp,55730,2620,sub-004 sub-005 sub-006 sub-007 sub-013 sub-018 sub-021 sub-024,0.23261419590562582,-0.002266220224555582,0.7882498502731323,0.15009749653290783,0.12197902426123619,0.765625,0.14827433482012095,0.16749128699302673,0.029363032430410385,0.02936301752924919,1.0,0.9525317885178786,6.0
Multi_session_EEG_fMRI_experience_sampling_OpenNeuro_ds007216,1,pooled_labram_residual_shifted_null,55730,2620,sub-004 sub-005 sub-006 sub-007 sub-013 sub-018 sub-021 sub-024,0.23286915011703968,0.0011989497725153342,0.7882498502731323,0.15135606449621264,0.1259927824139595,0.734375,0.15233138639506313,0.1744951456785202,0.030067935585975647,0.030067915096879005,1.0,0.9442224655004648,6.0
Sleep_rest_EEG_fMRI_OpenNeuro_ds003768,1,time_dataset_ridge,6182,3091,sub-04 sub-05 sub-06 sub-07 sub-13 sub-15 sub-17 sub-26 sub-27 sub-29 sub-32,0.17192234634421766,nan,0.6711731553077698,0.1856861434862367,0.14986087381839752,0.71875,0.1369169010560971,0.14718060195446014,0.051894910633563995,0.0518948994576931,0.0,nan,0.0
Sleep_rest_EEG_fMRI_OpenNeuro_ds003768,1,single_labram_ridge,6182,3091,sub-04 sub-05 sub-06 sub-07 sub-13 sub-15 sub-17 sub-26 sub-27 sub-29 sub-32,0.045953429536893964,nan,0.6711731553077698,0.08636434973232099,0.11199502646923065,0.84375,0.028348928784001064,0.015897061675786972,-0.8098788261413574,-0.8098787665367126,0.0,nan,0.0
Sleep_rest_EEG_fMRI_OpenNeuro_ds003768,1,pooled_labram_mlp,55259,3091,sub-04 sub-05 sub-06 sub-07 sub-13 sub-15 sub-17 sub-26 sub-27 sub-29 sub-32,0.06747056590393186,nan,0.6711731553077698,0.03984273581227171,0.034311333671212196,0.53125,-0.03178747089222603,-0.028907716274261475,-0.004995291121304035,-0.004995289724320173,1.0,1.023756803427407,6.0
Sleep_rest_EEG_fMRI_OpenNeuro_ds003768,1,pooled_labram_shifted_null,55259,3091,sub-04 sub-05 sub-06 sub-07 sub-13 sub-15 sub-17 sub-26 sub-27 sub-29 sub-32,0.06327197188511491,nan,0.6711731553077698,0.07580112604046008,0.08743210509419441,0.6875,0.03857698349949773,0.05425723269581795,0.003115055151283741,0.0031150549184530973,1.0,1.0218103201630304,6.0
Sleep_rest_EEG_fMRI_OpenNeuro_ds003768,1,pooled_labram_residual_mlp,55259,3091,sub-04 sub-05 sub-06 sub-07 sub-13 sub-15 sub-17 sub-26 sub-27 sub-29 sub-32,0.17079495533835143,-0.03013373867725022,0.6711731553077698,0.17542746246544993,0.15025053918361664,0.6875,0.12718074952260552,0.13616123795509338,0.04453083500266075,0.044530823826789856,1.0,0.9473356420322302,6.0
Sleep_rest_EEG_fMRI_OpenNeuro_ds003768,1,pooled_labram_residual_shifted_null,55259,3091,sub-04 sub-05 sub-06 sub-07 sub-13 sub-15 sub-17 sub-26 sub-27 sub-29 sub-32,0.17572468639991712,-0.003480379469692707,0.6711731553077698,0.18658840737771243,0.1489434912800789,0.734375,0.13918428756367157,0.1449100524187088,0.050728511065244675,0.05072850361466408,1.0,0.936179316780869,6.0
Speeded_perceptual_judgments_confidence_OpenNeuro_ds002158,1,time_dataset_ridge,4747,2501,sub-08 sub-09 sub-10 sub-11 sub-19 sub-21 sub-22,0.18112104339525104,nan,0.7979809641838074,0.3831016679723689,0.34997931122779846,0.90625,0.3831049548633328,0.43416520953178406,0.20580151677131653,0.20580151677131653,0.0,nan,0.0
Speeded_perceptual_judgments_confidence_OpenNeuro_ds002158,1,single_labram_ridge,4747,2501,sub-08 sub-09 sub-10 sub-11 sub-19 sub-21 sub-22,0.018716098100412637,nan,0.7979809641838074,0.021310570361720238,0.026968037709593773,0.75,0.0195134801564933,0.03425908088684082,-0.6547859907150269,-0.6547859311103821,0.0,nan,0.0
Speeded_perceptual_judgments_confidence_OpenNeuro_ds002158,1,pooled_labram_mlp,55849,2501,sub-08 sub-09 sub-10 sub-11 sub-19 sub-21 sub-22,-0.010191563284024596,nan,0.7979809641838074,0.0961825023732672,0.13036610186100006,0.71875,0.06844986724402023,0.1448971927165985,0.006258477456867695,0.006258479319512844,1.0,1.0447490769360872,6.0
Speeded_perceptual_judgments_confidence_OpenNeuro_ds002158,1,pooled_labram_shifted_null,55849,2501,sub-08 sub-09 sub-10 sub-11 sub-19 sub-21 sub-22,0.07415751193184406,nan,0.7979809641838074,0.12707307059099548,0.14705108851194382,0.84375,0.05363605863316361,0.05510004982352257,0.0054123057052493095,0.005412306170910597,1.0,1.0472622797467606,6.0
Speeded_perceptual_judgments_confidence_OpenNeuro_ds002158,1,pooled_labram_residual_mlp,55849,2501,sub-08 sub-09 sub-10 sub-11 sub-19 sub-21 sub-22,0.17525425320491195,-0.04348495774320327,0.7979809641838074,0.3810564879895537,0.34841348230838776,0.890625,0.3831535732418839,0.43260908126831055,0.20342952013015747,0.20342956483364105,1.0,0.9575028261475652,6.0
Speeded_perceptual_judgments_confidence_OpenNeuro_ds002158,1,pooled_labram_residual_shifted_null,55849,2501,sub-08 sub-09 sub-10 sub-11 sub-19 sub-21 sub-22,0.18345826340373605,0.04924083437072113,0.7979809641838074,0.3854557709728397,0.3528027683496475,0.90625,0.381982742166357,0.4387154281139374,0.20572520792484283,0.20572520792484283,1.0,0.9535363083337387,6.0
gradCPT_simultaneous_EEG_fMRI_DTI_OpenNeuro_ds006040,1,time_dataset_ridge,1952,1161,sub-005 sub-006 sub-007 sub-008 sub-014 sub-022 sub-024 sub-027 sub-028 sub-029,0.2019204655662179,nan,0.6301413178443909,0.15757457926520146,0.14113236963748932,0.859375,0.17022154571450998,0.2047039419412613,0.03276541829109192,0.03276541829109192,0.0,nan,0.0
gradCPT_simultaneous_EEG_fMRI_DTI_OpenNeuro_ds006040,1,single_labram_ridge,1952,1161,sub-005 sub-006 sub-007 sub-008 sub-014 sub-022 sub-024 sub-027 sub-028 sub-029,0.0025742430007085204,nan,0.6301413178443909,0.002869636284231092,0.0013188125449232757,0.515625,-0.0013874360096088226,-0.011531987227499485,-0.3067592680454254,-0.3067592680454254,0.0,nan,0.0
gradCPT_simultaneous_EEG_fMRI_DTI_OpenNeuro_ds006040,1,pooled_labram_mlp,57189,1161,sub-005 sub-006 sub-007 sub-008 sub-014 sub-022 sub-024 sub-027 sub-028 sub-029,-0.009975114051485434,nan,0.6301413178443909,-0.001826098754463601,0.0019781841547228396,0.515625,-0.000558582692297763,-0.0009200884378515184,-0.0017838748171925545,-0.0017838749336078763,1.0,1.0334141998929163,6.0
gradCPT_simultaneous_EEG_fMRI_DTI_OpenNeuro_ds006040,1,pooled_labram_shifted_null,57189,1161,sub-005 sub-006 sub-007 sub-008 sub-014 sub-022 sub-024 sub-027 sub-028 sub-029,-0.011112804931144638,nan,0.6301413178443909,-0.006699512909108307,-0.009775025770068169,0.421875,-0.0012419983432475801,-0.002469549421221018,-0.001306990161538124,-0.0013069900451228023,1.0,1.036465596975447,6.0
gradCPT_simultaneous_EEG_fMRI_DTI_OpenNeuro_ds006040,1,pooled_labram_residual_mlp,57189,1161,sub-005 sub-006 sub-007 sub-008 sub-014 sub-022 sub-024 sub-027 sub-028 sub-029,0.20254955952987075,0.010313690814655274,0.6301413178443909,0.1590057335270103,0.14305806159973145,0.859375,0.16915743141832665,0.19354140758514404,0.03227397799491882,0.032273970544338226,1.0,0.9543354072535348,6.0
gradCPT_simultaneous_EEG_fMRI_DTI_OpenNeuro_ds006040,1,pooled_labram_residual_shifted_null,57189,1161,sub-005 sub-006 sub-007 sub-008 sub-014 sub-022 sub-024 sub-027 sub-028 sub-029,0.20304501755163074,0.02645819867029786,0.6301413178443909,0.15843312669312581,0.14225803315639496,0.859375,0.16755399598401524,0.20073746144771576,0.0324527733027935,0.032452769577503204,1.0,0.9451382754017429,6.0
natview,1,time_dataset_ridge,3654,2173,sub-04 sub-05 sub-06 sub-07 sub-15 sub-18 sub-21 sub-22,-0.0041416684398427606,nan,0.75674968957901,-0.013459745737200136,-0.012776578310877085,0.19,-0.0032398412549893727,-0.0058296495117247105,-4.481434734771028e-05,-4.4814343709731475e-05,0.0,nan,0.0
natview,1,single_labram_ridge,3654,2173,sub-04 sub-05 sub-06 sub-07 sub-15 sub-18 sub-21 sub-22,0.0012167675886303186,nan,0.75674968957901,0.023243331200501417,0.022698985412716866,0.97,-0.0059397719273094245,-0.004215288907289505,0.0004944324609823525,0.0004944324609823525,0.0,nan,0.0
natview,1,pooled_labram_mlp,56177,2173,sub-04 sub-05 sub-06 sub-07 sub-15 sub-18 sub-21 sub-22,-0.00889096679384238,nan,0.75674968957901,0.00907531402692257,0.00914634857326746,0.75,-0.002817240548146938,-0.001641973853111267,-0.0005140322609804571,-0.0005140322609804571,1.0,1.0246199354291075,6.0
natview,1,pooled_labram_shifted_null,56177,2173,sub-04 sub-05 sub-06 sub-07 sub-15 sub-18 sub-21 sub-22,-0.01434771652566269,nan,0.75674968957901,-0.025263592270021035,-0.029536297544836998,0.12,-0.0017554569819534314,-0.003608645172789693,-0.0006701719830743968,-0.000670171866659075,1.0,1.0227964915202008,6.0
natview,1,pooled_labram_residual_mlp,56177,2173,sub-04 sub-05 sub-06 sub-07 sub-15 sub-18 sub-21 sub-22,0.00141931590042077,0.0023877432104200125,0.75674968957901,0.011798086683338625,0.010373000521212816,0.78,-6.877541042895075e-05,-0.00017941270198207349,-0.0035641747526824474,-0.0035641747526824474,1.0,0.9350572444309295,6.0
natview,1,pooled_labram_residual_shifted_null,56177,2173,sub-04 sub-05 sub-06 sub-07 sub-15 sub-18 sub-21 sub-22,-0.0016988917486742139,-0.0010003992938436568,0.75674968957901,-0.016549868678121128,-0.01645482052117586,0.1,0.000935847179906754,0.00791764073073864,-0.0005669939564540982,-0.0005669939564540982,1.0,0.9307991499510556,6.0
