fold,method,target_mode,n_train,n_test,y_dim,context_steps,target_corr_mean,target_corr_median,row_corr_mean,row_corr_median,r2,retrieval_top1,retrieval_top5,retrieval_mrr,retrieval_median_rank,retrieval_rank_percentile_mean,diag_minus_offdiag,dataset_name
1,real_eeg_ridge,Z_masked100,12792,6399,32,16,0.0015309761211028672,0.001835275732446462,0.002550781763745982,-0.004866809584200382,-1.0552511467884984,0.0014064697609001407,0.006094702297233943,0.008235975287613563,455.0,0.5018905867016477,0.0025402646748248583,affective
1,shifted_null_ridge,Z_masked100,12792,6399,32,16,0.00020324434444773942,0.0006884399335831404,-0.0005792751374101021,-0.0003384863957762718,-0.6848631889768004,0.0014064697609001407,0.005313330207844975,0.00842681477923427,452.0,0.5020519264300471,0.0022669922843435047,affective
1,time_only_ridge,Z_masked100,12792,6399,32,16,0.0015008052499752011,0.001426566916052252,0.00915844739098571,0.011503554880619049,-1.5820521215070826e-05,0.0010939209251445538,0.005625879043600563,0.008171117600985931,449.0,0.5044774386127278,0.004639070293180741,affective
1,train_mean,Z_masked100,12792,6399,32,16,9.966025665538549e-11,-8.11063327610384e-10,0.0049908636911704584,0.0088315075263381,-1.7782756405182454e-06,0.0010939209251445538,0.005469604625722769,0.008090364927966262,458.0,0.5,5.8856689363498815e-19,affective
1,time_residual_eeg_ridge,Z_masked100_time_resid,12792,6399,32,16,0.001498572664331732,0.002068038913421333,0.002063142364249195,-0.0028208796866238117,-1.0530076967603947,0.0014064697609001407,0.006250976715111736,0.008268529128960016,453.0,0.5023420459854171,0.002624248177245309,affective
1,time_residual_shifted_null,Z_masked100_time_resid,12792,6399,32,16,0.0007619633670401527,0.001241913007106632,0.0007091199611090694,-0.0020957067608833313,-0.46154538586817884,0.0010939209251445538,0.005938427879356149,0.008628030727489546,462.0,0.49993922189187473,0.0007187905239702382,affective
1,time_residual_mean,Z_masked100_time_resid,12792,6399,32,16,3.090248236316108e-09,3.931690750746952e-09,-0.007058935322341232,-0.01707375794649124,-1.9008888800797763e-06,0.0010939209251445538,0.005469604625722769,0.008090364927966262,458.0,0.5,-9.29316147844718e-20,affective
2,real_eeg_ridge,Z_masked100,12798,6393,32,16,0.005191009913687594,0.0030649983091279864,0.022285581548628565,0.025911841541528702,-0.09487505657133677,0.0014077897700610043,0.007508212106992022,0.00912639184998485,438.0,0.5160470353610621,0.022630529992400877,affective
2,shifted_null_ridge,Z_masked100,12798,6393,32,16,-0.0033761144745767524,-0.0028095493325963616,-0.011163635296743328,-0.01563206873834133,-0.054016933201456396,0.000782105427811669,0.005005474737994682,0.00798747467565425,455.0,0.5009036879465145,-0.00015555937930290312,affective
2,time_only_ridge,Z_masked100,12798,6393,32,16,-7.627891113770602e-05,-0.00010419402315164916,0.010454288447246982,0.004388861823827028,-1.5645264971997364e-05,0.001564210855623338,0.0070389488503050214,0.009293150721197987,456.0,0.504840654909652,0.005859434941724752,affective
2,train_mean,Z_masked100,12798,6393,32,16,4.552980091708668e-10,1.4968493111666703e-10,-0.0034389570802648302,-0.0073447139002382755,-1.7129852158959125e-06,0.0010949475989363367,0.005474737994681683,0.008096930176404346,457.0,0.5,-2.4781763942525814e-19,affective
2,time_residual_eeg_ridge,Z_masked100_time_resid,12798,6393,32,16,0.0050847890470322454,0.00282624876126647,0.019421048766951696,0.022794824093580246,-0.09461712234859299,0.0014077897700610043,0.0070389488503050214,0.009016486900842892,438.0,0.5149120986752944,0.021406618903950365,affective
2,time_residual_shifted_null,Z_masked100_time_resid,12798,6393,32,16,-0.0025512057552532497,0.0001695855644356925,0.0011041528756481002,1.9100611098110676e-05,-0.04865563382646054,0.0004692632566870014,0.0035976849679336775,0.0072204224173522905,450.0,0.5049239784541256,0.006866417523081245,affective
2,time_residual_mean,Z_masked100_time_resid,12798,6393,32,16,3.5395881017863395e-09,6.011546593853723e-09,0.002529562819074917,0.009841566905379295,-1.5987637445036285e-06,0.0010949475989363367,0.005474737994681683,0.008096930176404346,457.0,0.5,2.555619406572975e-18,affective
3,real_eeg_ridge,Z_masked100,12792,6399,32,16,0.004019967861040641,0.0015147880621952936,0.005561753394594316,0.003999126609414816,-0.12589758527237271,0.0014064697609001407,0.005157055789967183,0.008595410320083145,449.0,0.505383366253376,0.010624919580904084,affective
3,shifted_null_ridge,Z_masked100,12792,6399,32,16,-0.0015100103501026751,-0.0034181789960712194,0.009191827910746665,0.017442503944039345,-0.09083199150300114,0.0009376465072667605,0.004063134864822629,0.00790048406304634,449.0,0.5069822715581219,0.009457733586304168,affective
3,time_only_ridge,Z_masked100,12792,6399,32,16,0.004138714613532102,0.0035170973278582096,0.003101431113511247,0.001439716317690909,2.9529716817355833e-06,0.0010939209251445538,0.004844506954211595,0.007739685856835949,457.0,0.49815474134793897,-0.0005987495631829091,affective
3,train_mean,Z_masked100,12792,6399,32,16,-1.79072061917369e-09,-1.5480038362269966e-09,-0.010673389117981031,-0.023328298702836037,-1.1811886726498244e-06,0.0010939209251445538,0.005469604625722769,0.008090364927966262,458.0,0.5,1.4249514266952343e-18,affective
3,time_residual_eeg_ridge,Z_masked100_time_resid,12792,6399,32,16,0.003930328001160888,0.0013747844786848873,0.004469937733488423,0.001007873797789216,-0.12620261745404826,0.0014064697609001407,0.005000781372089389,0.008547155332618683,452.0,0.5043641631529343,0.009804902144655422,affective
3,time_residual_shifted_null,Z_masked100_time_resid,12792,6399,32,16,0.0032397909271821845,0.0017905877903103828,0.005740518726851411,0.004115631803870201,-0.1025012600382258,0.0009376465072667605,0.005782153461478356,0.008041565769708782,456.0,0.5029739065805777,0.0034992566244300117,affective
3,time_residual_mean,Z_masked100_time_resid,12792,6399,32,16,3.5502100210255745e-09,1.4523553470979778e-09,0.002118280769931493,0.0003014496760442853,-1.181193555854776e-06,0.0010939209251445538,0.005469604625722769,0.008090364927966262,458.0,0.5,7.434529182757744e-19,affective
1,real_eeg_ridge,Z_masked100,3537,1944,32,16,0.002138158568413928,0.004043895052745938,0.008053067914302362,0.011788961943238974,-0.9378056161557551,0.004629629629629629,0.018518518518518517,0.024547568112513733,124.0,0.49862857185843235,4.374217824513647e-05,natview
1,shifted_null_ridge,Z_masked100,3537,1944,32,16,0.005089653821869433,0.0068701570853590965,-0.02702474629913623,-0.06202210858464241,-1.109419426665342,0.0030864197530864196,0.020061728395061727,0.024823305095110226,122.0,0.5018999987883991,0.0002885247372070802,natview
1,time_only_ridge,Z_masked100,3537,1944,32,16,0.0018696934967010748,0.003531839873176068,-0.0005921839839762552,-0.009369249921292067,-0.005306457571563117,0.0051440329218107,0.029835390946502057,0.02776697991364396,120.0,0.5021639793280743,-0.0028606553494547613,natview
1,train_mean,Z_masked100,3537,1944,32,16,2.3380034464004494e-09,2.0323692728752007e-09,0.0135698557932387,0.0207916758954525,-4.34106244913135e-05,0.00411522633744856,0.0205761316872428,0.024957406885679212,122.0,0.5,1.0842021724855044e-19,natview
1,time_residual_eeg_ridge,Z_masked100_time_resid,3537,1944,32,16,0.0018405809969408438,0.004426534287631512,0.007094680797608105,0.024181673303246498,-0.9495798647865408,0.00411522633744856,0.018518518518518517,0.02450043965964799,123.0,0.498293036437955,-0.0012730913472801205,natview
1,time_residual_shifted_null,Z_masked100_time_resid,3537,1944,32,16,-0.004137016183449305,0.0008877179061528295,0.01287364501660083,0.001981160312425345,-1.2303657971275648,0.00205761316872428,0.021604938271604937,0.024395737149314898,123.0,0.5015437001183445,0.0019118146656303785,natview
1,time_residual_mean,Z_masked100_time_resid,3537,1944,32,16,-9.762141095492893e-09,-7.54480411480074e-09,0.026070706997236327,0.07485369592905045,-4.185047332350145e-05,0.00411522633744856,0.0205761316872428,0.024957406885679215,122.0,0.5,2.2768245622195593e-18,natview
2,real_eeg_ridge,Z_masked100,3657,1824,32,16,0.0012587105725287984,0.0012328939628787339,4.6055082285627644e-05,-0.0074390575755387545,-0.463632164544439,0.005482456140350877,0.01918859649122807,0.023773586023711518,134.0,0.492652979402216,-0.007354723368886662,natview
2,shifted_null_ridge,Z_masked100,3657,1824,32,16,0.0017785865729820216,0.0021438312251120806,-0.007156844429661297,-0.02999813947826624,-1.062700545018906,0.0043859649122807015,0.01644736842105263,0.023759138170222117,132.0,0.4963267914265919,-0.006831956863636994,natview
2,time_only_ridge,Z_masked100,3657,1824,32,16,-0.009503370500169694,-0.011492157820612192,-0.017591040595423567,-0.03264347091317177,-0.0036176852872185083,0.003289473684210526,0.015350877192982455,0.021551203730694614,139.0,0.48531886271984986,-0.015361986857044934,natview
2,train_mean,Z_masked100,3657,1824,32,16,1.9656310884519357e-09,-1.88708221271483e-09,0.000736889671938307,0.008436314295977354,-2.022567009141163e-05,0.003837719298245614,0.01918859649122807,0.023566787282999713,131.0,0.5,1.02224776262919e-18,natview
2,time_residual_eeg_ridge,Z_masked100_time_resid,3657,1824,32,16,0.0011344051636115182,0.0014417789061553776,-0.002997626860090812,-0.010595894884318113,-0.46363976487287095,0.0043859649122807015,0.019736842105263157,0.023002635858361573,134.0,0.49088682603300776,-0.00976144835962953,natview
2,time_residual_shifted_null,Z_masked100_time_resid,3657,1824,32,16,0.0005370746948756278,9.390199556946754e-05,0.0029459152285932775,-0.0151313291862607,-0.7818297179708713,0.003837719298245614,0.015899122807017545,0.022885225430170613,134.0,0.4973105411534398,-0.0020045844751809933,natview
2,time_residual_mean,Z_masked100_time_resid,3657,1824,32,16,1.1296406476901666e-08,9.267224321263257e-09,0.0012795248445108722,-0.003834465751424432,-2.1792458652081237e-05,0.003837719298245614,0.01918859649122807,0.02356678728299971,131.0,0.5,-1.858632295689436e-19,natview
3,real_eeg_ridge,Z_masked100,3768,1713,32,16,0.003005734315593145,0.0028106730023864657,-0.004317236732835873,-0.005776939447969198,-0.670545308805804,0.005253940455341506,0.02276707530647986,0.027382883526913787,125.0,0.4936455461626006,-0.009230005385037685,natview
3,shifted_null_ridge,Z_masked100,3768,1713,32,16,0.0007254425859173352,0.0006504320481326431,0.004731908685636342,-0.00310306204482913,-0.5564569414561735,0.0035026269702276708,0.014010507880910683,0.022868731072915382,122.0,0.5022921889181065,0.005803999792411857,natview
3,time_only_ridge,Z_masked100,3768,1713,32,16,0.0031452687981072813,0.005501757143065333,-0.03794682350581087,-0.06045401468873024,-0.006028779016955976,0.004086398131932283,0.02568593111500292,0.02539297246738083,133.0,0.4763097315459931,-0.03984758517527324,natview
3,train_mean,Z_masked100,3768,1713,32,16,1.0164069724760694e-09,2.6801863506342727e-09,0.0013898407949516438,0.002381590660661459,-4.775797068834464e-05,0.004086398131932283,0.020431990659661413,0.024829865137054118,123.0,0.5,-1.6263032587282567e-19,natview
3,time_residual_eeg_ridge,Z_masked100_time_resid,3768,1713,32,16,0.0027747265007747046,0.002880954991269391,-0.006342007683305167,-0.006345941685140133,-0.6658334233822545,0.005837711617046118,0.024518388791593695,0.027468459228603335,126.0,0.493321086561075,-0.011507718605745171,natview
3,time_residual_shifted_null,Z_masked100_time_resid,3768,1713,32,16,0.000847139340294234,0.0012095794372726232,-0.009087365792498862,-0.02033950202167034,-1.053891477340132,0.005837711617046118,0.02568593111500292,0.026847643715692475,125.0,0.493023114422839,-0.007130676998822168,natview
3,time_residual_mean,Z_masked100_time_resid,3768,1713,32,16,-1.1304215563612274e-08,-1.2538422300423235e-08,0.00038647994146123965,-0.002381737343966961,-4.546501298086092e-05,0.004086398131932283,0.020431990659661413,0.024829865137054118,123.0,0.5,-1.734723475976807e-18,natview
1,real_eeg_ridge,Z_masked100,1797,896,32,16,0.004759747756907018,0.005674716085195541,-0.032377118699595746,-0.04465610347688198,-0.8861254149343887,0.012276785714285714,0.0546875,0.05712719974672772,45.0,0.5046670179702196,0.002386372606109792,gradcpt
1,shifted_null_ridge,Z_masked100,1797,896,32,16,-0.0007164159360399935,0.0022095878957770765,-0.007745144893565988,0.001834466791478917,-0.4721626269173347,0.0078125,0.049107142857142856,0.05200366858331863,45.0,0.4926865827626643,-0.01621271709382067,gradcpt
1,time_only_ridge,Z_masked100,1797,896,32,16,0.03315071252291091,0.029949226416647434,0.08636404531374962,0.09941790997982025,0.0064155568971031585,0.018973214285714284,0.08258928571428571,0.07289937571566533,37.0,0.558986857178294,0.08573859310416451,gradcpt
1,train_mean,Z_masked100,1797,896,32,16,-4.63186022869877e-09,-4.63186022869877e-09,-0.008178700105093282,-0.006694574141874909,-5.0878096081730106e-05,0.011160714285714286,0.05580357142857143,0.056672469583736396,45.0,0.5,-1.908195823574488e-18,gradcpt
1,time_residual_eeg_ridge,Z_masked100_time_resid,1797,896,32,16,0.0035892134310415713,0.004438883974216878,-0.01748740174944682,-0.01447925204411149,-0.9612332597042184,0.0078125,0.05133928571428571,0.053529038660314096,45.0,0.5032167363786505,9.841739730657135e-05,gradcpt
1,time_residual_shifted_null,Z_masked100_time_resid,1797,896,32,16,-0.006749306907295249,-0.0066171670332551,-0.005077620112388104,-0.020082480274140835,-0.49510534213440094,0.010044642857142858,0.05357142857142857,0.05328463910172488,48.0,0.482973777225404,-0.011458115530236467,gradcpt
1,time_residual_mean,Z_masked100_time_resid,1797,896,32,16,-4.8338648361845316e-09,-4.8338648361845316e-09,-0.0023671844878338432,-0.005968192592263222,-4.7120912260778525e-05,0.011160714285714286,0.05580357142857143,0.056672469583736396,45.0,0.5,9.75781955236954e-19,gradcpt
2,real_eeg_ridge,Z_masked100,1746,947,32,16,-0.000753686050302349,-0.0030828294111415744,0.029357502039351304,0.035908669233322144,-0.49165326953842103,0.012671594508975714,0.05807814149947202,0.055667169683710174,52.0,0.51155882841215,0.0075859186531861515,gradcpt
2,shifted_null_ridge,Z_masked100,1746,947,32,16,-0.0025495172703813296,-0.00596776301972568,0.0029422043243825333,-0.001650105812586844,-0.6763523233324384,0.007391763463569166,0.054910242872228086,0.049223625993839476,53.0,0.503106130209078,0.005273152296577013,gradcpt
2,time_only_ridge,Z_masked100,1746,947,32,16,0.022329090177663602,0.009449703386053443,0.05334474042735585,0.06183374300599098,-0.0006507317044393002,0.01689545934530095,0.07708553326293559,0.06576691458468552,46.0,0.5404989194329767,0.07385026345536942,gradcpt
2,train_mean,Z_masked100,1746,947,32,16,1.4225823693639735e-09,2.0880006612600255e-09,0.03610613793427879,0.044101282954216,-7.128747139906189e-05,0.009503695881731784,0.04751847940865892,0.0495324100868889,53.0,0.5,5.782411586589357e-19,gradcpt
2,time_residual_eeg_ridge,Z_masked100_time_resid,1746,947,32,16,-0.000960080740696867,-0.006839735666289926,0.007892379410821333,0.01531310100108385,-0.4175658312290311,0.011615628299894404,0.05174234424498416,0.052103740882423734,51.0,0.5092519506544184,0.0017568226557870142,gradcpt
2,time_residual_shifted_null,Z_masked100_time_resid,1746,947,32,16,0.000590620609727921,0.002188746351748705,-0.007241750798491051,-0.00378137337975204,-0.39064622504197954,0.009503695881731784,0.048574445617740235,0.04952333935432791,52.0,0.5017643662693574,0.005188350613783361,gradcpt
2,time_residual_mean,Z_masked100_time_resid,1746,947,32,16,-3.869169614330777e-09,-2.5238764966850624e-09,-0.017715535130994373,-0.009206235408782959,-0.0001495795752530782,0.009503695881731784,0.04751847940865892,0.0495324100868889,53.0,0.5,2.349104707051926e-19,gradcpt
3,real_eeg_ridge,Z_masked100,1843,850,32,16,-0.005212989783103694,-0.007322454359382391,0.022092365568627002,0.037981318309903145,-0.35602619548192416,0.010588235294117647,0.04823529411764706,0.05341232830168317,48.0,0.5003935844500909,0.002891467238966427,gradcpt
3,shifted_null_ridge,Z_masked100,1843,850,32,16,0.0021357844997709208,0.0033351447200402617,-0.00035776406745700276,-0.003938269917853177,-0.24396550756552227,0.01647058823529412,0.058823529411764705,0.05981336324900732,45.0,0.5139673153594622,0.018955579674512297,gradcpt
3,time_only_ridge,Z_masked100,1843,850,32,16,0.025809983319049934,0.017888054251670837,0.0654407879161419,0.05824911594390869,0.006454016726392231,0.012941176470588235,0.0611764705882353,0.06008218341440522,43.0,0.5455536773108648,0.06300105828054213,gradcpt
3,train_mean,Z_masked100,1843,850,32,16,-1.3939567278242748e-09,3.1590812188397877e-09,0.0052922921104404585,0.019086391665041447,-0.00010893876694950677,0.010588235294117647,0.052941176470588235,0.0542668471940756,48.0,0.5,1.927470528863119e-19,gradcpt
3,time_residual_eeg_ridge,Z_masked100_time_resid,1843,850,32,16,-0.0058954530788923876,-0.00945600587874651,0.01051774347337949,0.014480747748166323,-0.3504245311128238,0.015294117647058824,0.05411764705882353,0.05910800751853922,47.0,0.5053485612886348,0.0032955662132393725,gradcpt
3,time_residual_shifted_null,Z_masked100_time_resid,1843,850,32,16,-0.00019777842214807606,0.003409320692298934,0.005063478937475285,-0.0025086255045607686,-0.3566714864448446,0.009411764705882352,0.0611764705882353,0.05612578034779442,50.0,0.4937016815879783,-0.011058249383593954,gradcpt
3,time_residual_mean,Z_masked100_time_resid,1843,850,32,16,6.580171814836906e-09,8.940084228470369e-09,0.011735288051833563,0.023855481296777725,-0.00010456267657410478,0.010588235294117647,0.052941176470588235,0.0542668471940756,48.0,0.5,-1.1564823173178713e-18,gradcpt
1,real_eeg_ridge,Z_masked100,5852,2926,32,16,0.0012872181358716261,0.0024251341819763184,0.022913937713087126,0.00928320037201047,-0.12033144792790695,0.0037593984962406013,0.020164046479835954,0.024483143416995534,130.0,0.507805104528044,0.013952308177898987,sleep
1,shifted_null_ridge,Z_masked100,5852,2926,32,16,-0.0008008915892787627,-0.00033508168417029083,-0.001230369669175893,-0.01794902142137289,-0.09589608891844814,0.0030758714969241286,0.02050580997949419,0.022956496259858825,134.0,0.4987425682559745,0.0011939841067118582,sleep
1,time_only_ridge,Z_masked100,5852,2926,32,16,0.002619571402647125,0.0012841941934311762,-0.0026492539298472906,0.0012322174734435976,-0.003188882745504662,0.0037593984962406013,0.016062884483937116,0.022690266865623313,134.0,0.5020015734017721,-0.0034111841705281826,sleep
1,train_mean,Z_masked100,5852,2926,32,16,1.4722029128185394e-09,1.6681271364227257e-09,-0.018576587672924312,-0.004222569288685918,-1.7738917611254124e-05,0.0037593984962406013,0.018796992481203006,0.02316763344051352,133.5,0.5,2.1622441053546138e-18,sleep
1,time_residual_eeg_ridge,Z_masked100_time_resid,5852,2926,32,16,0.0009341858585685259,0.0028257040539756417,0.01139455173714274,0.0027796339709311724,-0.12183996216867632,0.004101161995898838,0.01845522898154477,0.023635992361961906,130.0,0.5047189156424509,0.010876250912520813,sleep
1,time_residual_shifted_null,Z_masked100_time_resid,5852,2926,32,16,0.0015591003267765302,0.0011211532400920987,-0.005901907475500734,-0.006997226504608989,-0.10280164114224943,0.0023923444976076554,0.015379357484620642,0.021288365273086952,133.0,0.49819316730935403,-0.0004317303640591059,sleep
1,time_residual_mean,Z_masked100_time_resid,5852,2926,32,16,6.509590237878195e-10,-1.390524202726784e-09,-0.009033219880252245,-0.028163015842437744,-1.7745107409261607e-05,0.0037593984962406013,0.018796992481203006,0.023167633440513515,133.5,0.5,-2.7597873481449203e-19,sleep
2,real_eeg_ridge,Z_masked100,5852,2926,32,16,-4.488026934268419e-05,0.0011330179986543953,0.02407619468586886,0.028279048390686512,-0.30944652224238234,0.00580997949419002,0.017429938482570063,0.024831165085166237,128.0,0.5153187428261907,0.020385918536774548,sleep
2,shifted_null_ridge,Z_masked100,5852,2926,32,16,0.0010041589630418457,0.002261970774270594,0.013483094374084218,0.008068523835390806,-0.2162755916450525,0.004101161995898838,0.016404647983595352,0.022720462208508957,136.0,0.4976347386476483,-0.005016962975365345,sleep
2,time_only_ridge,Z_masked100,5852,2926,32,16,0.015653422319473975,0.020339463837444782,0.024651850210233986,0.03444642014801502,0.00042038116366927003,0.00580997949419002,0.0215311004784689,0.024985397317993912,126.0,0.520909477811166,0.02189248820013638,sleep
2,train_mean,Z_masked100,5852,2926,32,16,2.331773859856864e-09,2.7584166062410986e-09,-0.00373427328163231,-0.0057982082944363356,-7.955600516806882e-06,0.0037593984962406013,0.018796992481203006,0.023167633440513515,133.5,0.5,-1.931851143701444e-18,sleep
2,time_residual_eeg_ridge,Z_masked100_time_resid,5852,2926,32,16,0.00020430082349776058,0.0010506001999601722,0.017033478035006683,0.02527346182614565,-0.3138890731252013,0.003417634996582365,0.017088174982911826,0.023451239297695242,130.0,0.5090702743135713,0.011089796363344253,sleep
2,time_residual_shifted_null,Z_masked100_time_resid,5852,2926,32,16,-0.0005014094822399784,0.0032450733706355095,-0.004523170842805506,-0.016120025888085365,-0.1119394777684386,0.002734107997265892,0.019138755980861243,0.022354431588993445,133.0,0.5035801338681181,0.003988345988048827,sleep
2,time_residual_mean,Z_masked100_time_resid,5852,2926,32,16,4.1867875025500016e-09,6.3229745883575106e-09,-0.0038135702427871646,-0.006638796767219901,-7.838417652505925e-06,0.0037593984962406013,0.018796992481203006,0.02316763344051352,133.5,0.5,-3.277247475922093e-19,sleep
3,real_eeg_ridge,Z_masked100,5852,2926,32,16,0.0032435855973744765,0.0018254744354635477,0.01442779700666179,0.005708751734346151,-0.0765597997388825,0.0037593984962406013,0.018796992481203006,0.023633178806077557,131.0,0.506515430944428,0.011882149358267903,sleep
3,shifted_null_ridge,Z_masked100,5852,2926,32,16,0.0017942534578310187,-1.2646544746530708e-05,-0.012323163295377682,-0.018247603438794613,-0.14636996102835553,0.002050580997949419,0.017429938482570063,0.021588803760844887,132.0,0.5015862985078476,0.0029646698011926934,sleep
3,time_only_ridge,Z_masked100,5852,2926,32,16,0.010554657092143316,0.013209572061896324,0.020611487598440427,0.02082441747188568,0.00011458645802420175,0.002734107997265892,0.020847573479152427,0.024100723670000736,127.0,0.5132642928074904,0.018792001149212808,sleep
3,train_mean,Z_masked100,5852,2926,32,16,2.7706198940041165e-09,4.5375712076634045e-09,-0.00987075970559423,-0.015087570995092392,-9.982679133102579e-06,0.0037593984962406013,0.018796992481203006,0.023167633440513515,133.5,0.5,6.110957699463753e-19,sleep
3,time_residual_eeg_ridge,Z_masked100_time_resid,5852,2926,32,16,0.0031210030520014698,0.0009776258375495672,0.0031333605464801133,-0.0017152991495095193,-0.07187101408725383,0.0037593984962406013,0.01948051948051948,0.024189560771267972,132.0,0.5036175344020428,0.008084021704687005,sleep
3,time_residual_shifted_null,Z_masked100_time_resid,5852,2926,32,16,-0.004451313388926792,-0.0032961490796878934,-0.00940378376938473,-0.016694174148142338,-0.18826346384055914,0.003417634996582365,0.0177717019822283,0.0224026626479518,136.0,0.4948039051316112,-0.005533840613072027,sleep
3,time_residual_mean,Z_masked100_time_resid,5852,2926,32,16,2.49757114989535e-09,3.0843017029269504e-09,-0.005002487254369827,-0.006975774187594652,-9.983922821810154e-06,0.0037593984962406013,0.018796992481203006,0.023167633440513515,133.5,0.5,-3.5482980190434693e-19,sleep
1,real_eeg_ridge,Z_masked100,4148,2450,32,16,1.0868725894397357e-05,-0.0002878513987525366,-0.0047269771191082435,-0.018117308616638184,-1.9214696430665779,0.002857142857142857,0.0163265306122449,0.019413351991688223,175.5,0.5020677153382843,0.0008718564854237135,speeded
1,shifted_null_ridge,Z_masked100,4148,2450,32,16,0.0018261237137267017,0.0003220093349227682,0.009987435568128807,0.016467289067804813,-0.9219531647054224,0.0032653061224489797,0.014285714285714285,0.018691748787774604,176.0,0.49828431085901415,-0.0008881320643261293,speeded
1,time_only_ridge,Z_masked100,4148,2450,32,16,0.027481323239044286,0.0249222032725811,-0.002761098486831654,-0.011285034473985434,-0.0063089252902772675,0.004489795918367347,0.02122448979591837,0.022143706491996942,182.0,0.4977322963569382,-0.004006846193742098,speeded
1,train_mean,Z_masked100,4148,2450,32,16,1.7689377879159807e-09,4.256070607056017e-09,0.00847152117725087,0.020451043732464314,-0.0001388639118027335,0.002857142857142857,0.014285714285714285,0.01839021917297717,175.5,0.5,-3.717264591378872e-19,speeded
1,time_residual_eeg_ridge,Z_masked100_time_resid,4148,2450,32,16,-0.00038139978369144956,1.4898614608682692e-05,-0.004749863381804823,-0.01907711010426283,-1.877044112641645,0.0024489795918367346,0.015510204081632653,0.018619852914833375,177.0,0.5013227296649319,0.0007451267681560662,speeded
1,time_residual_shifted_null,Z_masked100_time_resid,4148,2450,32,16,-0.0002540315363148693,-0.0009286855347454548,-0.005462204561466636,-0.004356731427833438,-0.6355136061769822,0.002857142857142857,0.015918367346938776,0.018462166830974767,175.0,0.5005379802350739,0.0008610464827421792,speeded
1,time_residual_mean,Z_masked100_time_resid,4148,2450,32,16,-4.6180390499294e-09,-1.501372803858203e-09,-0.018580303202996182,-0.04830741882324219,-0.00013739060428563654,0.002857142857142857,0.014285714285714285,0.01839021917297717,175.5,0.5,9.912705577010326e-19,speeded
2,real_eeg_ridge,Z_masked100,4496,2102,32,16,0.00010072096210933523,0.0010067969851661474,0.01655192661157039,0.01754618063569069,-0.9170299332376415,0.0028544243577545195,0.01569933396764986,0.018888627032788787,175.0,0.5031427895925891,0.004315140675191602,speeded
2,shifted_null_ridge,Z_masked100,4496,2102,32,16,0.0029492095040382083,0.0031191312009468675,-0.002747051024967838,0.02490432932972908,-0.5646879805916114,0.002378686964795433,0.011417697431018078,0.01701373941820719,175.0,0.5000850237042266,-0.003476053721233559,speeded
2,time_only_ridge,Z_masked100,4496,2102,32,16,0.023142084159189835,0.026143484748899937,0.019326550607319404,0.04861226864159107,-0.00617539634453923,0.003805899143672693,0.020456707897240724,0.022040270946995677,159.0,0.5272049755717924,0.019503682915437744,speeded
2,train_mean,Z_masked100,4496,2102,32,16,-2.3384136293991276e-09,3.651970503781854e-09,-0.001281019410130202,0.002267784788273275,-2.535782050516744e-05,0.0028544243577545195,0.014272121788772598,0.018375428246999035,176.0,0.5,-9.03501810404587e-19,speeded
2,time_residual_eeg_ridge,Z_masked100_time_resid,4496,2102,32,16,0.00044923197265234194,0.0005128739139763638,0.016953701747869605,0.018879836425185204,-0.8682394544566128,0.002378686964795433,0.016175071360608945,0.019272588414766267,175.0,0.502776305698342,0.0035994112774266405,speeded
2,time_residual_shifted_null,Z_masked100_time_resid,4496,2102,32,16,-0.0014296474400907755,-0.0020347298122942448,-0.009398128396172005,-0.00856115110218525,-0.6401207080755948,0.003330161750713606,0.011893434823977164,0.018315912651875196,175.0,0.4998495337141299,0.0023174469730046754,speeded
2,time_residual_mean,Z_masked100_time_resid,4496,2102,32,16,4.5089401003744704e-09,6.1754636959676645e-09,-0.020338490928154835,-0.021650081500411034,-2.5292514205021988e-05,0.0028544243577545195,0.014272121788772598,0.01837542824699904,176.0,0.5,-4.336808689942018e-18,speeded
3,real_eeg_ridge,Z_masked100,4552,2046,32,16,-8.009545649656502e-05,0.0007181693654274568,0.003594784129125122,0.012549725361168385,-0.9289101480665531,0.001466275659824047,0.016129032258064516,0.018644895894746546,169.0,0.5033116614216092,0.0036748238810968797,speeded
3,shifted_null_ridge,Z_masked100,4552,2046,32,16,-0.00011740640729840379,0.0001917049230542034,0.0009401973914829577,-0.0018412503995932639,-1.0022274512941478,0.002932551319648094,0.01270772238514174,0.017965460892895788,171.0,0.4976073831571301,-0.0025499247819689235,speeded
3,time_only_ridge,Z_masked100,4552,2046,32,16,0.023654738972254563,0.020417778752744198,-0.013240883047807983,-0.014169270638376474,-0.012858468834398007,0.0024437927663734115,0.016129032258064516,0.01922197046525222,176.0,0.49929881389115854,-0.014375869530351073,speeded
3,train_mean,Z_masked100,4552,2046,32,16,-4.855183850919916e-09,-7.56371498766839e-09,-0.009220785145903984,-0.00948292063549161,-0.00025097640297944146,0.002932551319648094,0.01466275659824047,0.01879381569404002,171.0,0.5,3.975407965780183e-19,speeded
3,time_residual_eeg_ridge,Z_masked100_time_resid,4552,2046,32,16,3.891947380907368e-05,0.0018622460193000734,0.003984211714392223,-0.00033946027542697266,-0.7635391044821045,0.002932551319648094,0.015640273704789834,0.019232227994118327,169.0,0.5019944748042368,0.0022530176816764965,speeded
3,time_residual_shifted_null,Z_masked100_time_resid,4552,2046,32,16,0.004697761906300002,0.006485312012955546,-0.00388844279640618,-0.007623609621077776,-0.5064748824001377,0.003421309872922776,0.011241446725317693,0.018484082520679117,170.0,0.500238585193647,0.002040721919973463,speeded
3,time_residual_mean,Z_masked100_time_resid,4552,2046,32,16,4.1045690303399676e-09,2.8745392732787423e-09,0.015831310532075937,0.027599538676440716,-0.0002451231682780719,0.002932551319648094,0.01466275659824047,0.01879381569404002,171.0,0.5,1.807003620809174e-18,speeded
1,real_eeg_ridge,Z_masked100,5034,2515,32,16,0.008975774059763353,0.009764955379068851,0.033094548683386266,0.029811222106218338,-0.6159750941538602,0.0019880715705765406,0.01709741550695825,0.02077865602707511,146.0,0.5208685827749322,0.03160124197334643,experience
1,shifted_null_ridge,Z_masked100,5034,2515,32,16,-0.0037658256087524933,-0.0035424591042101383,-0.0025575609328030843,0.0074856216087937355,-0.3858396121254002,0.0019880715705765406,0.017892644135188866,0.019367991684547666,156.0,0.49995720241561414,-0.0025301261160506363,experience
1,time_only_ridge,Z_masked100,5034,2515,32,16,0.061491480679251254,0.046910643577575684,0.14323915268013196,0.16098152101039886,0.01929763708594312,0.0075546719681908545,0.031013916500994037,0.032006664590277914,113.0,0.6048933739388713,0.14969328225506578,experience
1,train_mean,Z_masked100,5034,2515,32,16,-1.7481561241329866e-09,1.5597310110138096e-09,-0.005394037980975113,-0.007563049905002117,-2.0025581933591496e-05,0.0031809145129224653,0.015904572564612324,0.020105377007642075,158.0,0.5,-1.8431436932253575e-18,experience
1,time_residual_eeg_ridge,Z_masked100_time_resid,5034,2515,32,16,0.002144633378065919,0.005937095265835524,0.019717309347513687,0.024986907839775085,-0.6615752926524769,0.002385685884691849,0.016699801192842943,0.020017061612743654,151.0,0.5099604186882951,0.014696402136441113,experience
1,time_residual_shifted_null,Z_masked100_time_resid,5034,2515,32,16,-0.0012595853452523897,-0.0022129121934995055,0.003203292739968497,-0.004280200693756342,-0.34138370990422007,0.003976143141153081,0.017892644135188866,0.020929660640269795,160.0,0.49750523316596507,0.0028611621170519484,experience
1,time_residual_mean,Z_masked100_time_resid,5034,2515,32,16,2.103101150020671e-10,2.151030242814045e-09,-0.0016948917461281445,-0.002769148675724864,-2.0496245339396424e-05,0.0031809145129224653,0.015904572564612324,0.020105377007642075,158.0,0.5,-9.75781955236954e-19,experience
2,real_eeg_ridge,Z_masked100,5070,2479,32,16,-0.002959203936342192,-0.0025181685341522098,0.02211665139107318,0.03165990114212036,-2.026172423075876,0.0024203307785397336,0.01653892698668818,0.020851353030078876,153.0,0.5073676546742154,0.005447996089025718,experience
2,shifted_null_ridge,Z_masked100,5070,2479,32,16,0.0005703849121800886,-0.0002431857901683543,-0.003652910154358213,-0.004105905536562204,-0.7400901420967552,0.0024203307785397336,0.015328761597418314,0.019524785557686813,157.0,0.4978467468365339,-0.003559466647646296,experience
2,time_only_ridge,Z_masked100,5070,2479,32,16,0.062284268002258614,0.05753739923238754,0.13358889442157945,0.14536862075328827,0.01509342156622806,0.00645421540943929,0.030254134731746672,0.0326659232298066,101.0,0.6331523704538169,0.13604184566779115,experience
2,train_mean,Z_masked100,5070,2479,32,16,-3.87203162273041e-09,-3.3154010647962195e-09,0.015978839197375572,0.03746557980775833,-1.9582181757904493e-05,0.003227107704719645,0.016135538523598225,0.020365873243723902,155.0,0.5,-2.710505431213761e-20,experience
2,time_residual_eeg_ridge,Z_masked100_time_resid,5070,2479,32,16,-0.002974693874421064,0.0007216326193884015,0.017185290516292962,0.017610684037208557,-2.0611779003308284,0.0028237192416296895,0.01653892698668818,0.020132854724550862,154.0,0.501310702980024,0.001169936982314046,experience
2,time_residual_shifted_null,Z_masked100_time_resid,5070,2479,32,16,-0.0024091717787086964,-0.0021467115730047226,-0.0032404490094703527,0.000668893160764128,-1.4136287408313417,0.002016942315449778,0.01371520774505849,0.01856685293191972,155.0,0.4987862873996046,0.00031597313720884085,experience
2,time_residual_mean,Z_masked100_time_resid,5070,2479,32,16,1.2350575007147313e-09,1.2041763142178752e-09,0.02949830883987032,0.04454048350453377,-1.929135106637503e-05,0.003227107704719645,0.016135538523598225,0.020365873243723902,155.0,0.5,-5.312590645178972e-18,experience
3,real_eeg_ridge,Z_masked100,4994,2555,32,16,0.0025087998210437945,0.0009937122376868501,-0.00550651155810481,-0.007797498255968094,-0.7955177008851408,0.003913894324853229,0.018395303326810174,0.02174090519663898,160.0,0.5020616464498573,0.004982606161255753,experience
3,shifted_null_ridge,Z_masked100,4994,2555,32,16,-0.007514576835092157,-0.0021678078919649124,0.0020502460337672957,-0.0011601044097915292,-0.23465806722161453,0.0035225048923679062,0.015655577299412915,0.020269429248628602,160.0,0.5017773149650789,-0.0010826660432711344,experience
3,time_only_ridge,Z_masked100,4994,2555,32,16,0.05720855696563376,0.04675728268921375,0.07071587061062395,0.09943234175443649,-0.010784037630533927,0.0031311154598825833,0.02309197651663405,0.02402852015215427,141.0,0.5473474875258166,0.07885832839303607,experience
3,train_mean,Z_masked100,4994,2555,32,16,4.359251596061401e-10,6.25089147110458e-10,-0.0048889599824114656,-0.006607347633689642,-3.06074185232319e-05,0.0031311154598825833,0.015655577299412915,0.019853440157832077,160.0,0.5,1.1384122811097797e-18,experience
3,time_residual_eeg_ridge,Z_masked100_time_resid,4994,2555,32,16,-0.001356774679152295,-0.0022765914909541607,-0.0016142410803800394,-0.00785842165350914,-0.6626430055298278,0.0031311154598825833,0.015264187866927592,0.019544241124110774,158.0,0.5023915444368203,0.0015808388899493661,experience
3,time_residual_shifted_null,Z_masked100_time_resid,4994,2555,32,16,-0.00703506365607609,-0.0030085088219493628,-0.0028196272378231066,-0.0044058505445718765,-0.30578508654444425,0.0023483365949119373,0.01487279843444227,0.01826105378566209,163.0,0.4939262551169172,-0.008491809869771891,experience
3,time_residual_mean,Z_masked100_time_resid,4994,2555,32,16,-1.632303403553692e-09,-2.3605220000888494e-09,0.0028766001191731986,0.010471311397850513,-3.134309624797105e-05,0.0031311154598825833,0.015655577299412915,0.019853440157832077,160.0,0.5,9.75781955236954e-19,experience
1,real_eeg_ridge,Z_masked76,3377,1842,32,16,0.0032279279721478815,0.003720026114024222,-0.0019820402095190514,0.0030384850688278675,-2.0419004597074726,0.003257328990228013,0.017915309446254073,0.020828994568518704,150.0,0.5078541369497491,0.007853658086059727,xp2
1,shifted_null_ridge,Z_masked76,3377,1842,32,16,-0.0021809672107337974,-0.002658877696376294,0.00689591905506933,-0.001655162894167006,-2.6335194041308894,0.003257328990228013,0.015743756786102063,0.0202155086138264,153.0,0.49925308523699025,-0.0026243527902838105,xp2
1,time_only_ridge,Z_masked76,3377,1842,32,16,0.00862675558164483,0.010080746840685606,0.05002484581998312,0.0557439923286438,-0.002104070448149198,0.003800217155266015,0.015743756786102063,0.02137199698785094,142.0,0.5301728726235336,0.04792982611199607,xp2
1,train_mean,Z_masked76,3377,1842,32,16,8.583426053254684e-09,6.571562627399885e-09,-0.02793631864647557,-0.027173019014298916,-2.4693149143439896e-05,0.003257328990228013,0.016286644951140065,0.02053971072573975,154.0,0.5,2.3129646346357427e-18,xp2
1,time_residual_eeg_ridge,Z_masked76_time_resid,3377,1842,32,16,0.003183278835422243,0.003437311970628798,0.004606361947564702,0.012272706255316734,-2.0216478824988364,0.003800217155266015,0.02062975027144408,0.021650939192077463,149.0,0.5088121748880514,0.008072839626904795,xp2
1,time_residual_shifted_null,Z_masked76_time_resid,3377,1842,32,16,0.003004473202963709,0.003085620468482375,-0.007345505784243956,-0.008616588078439236,-1.8605480386978122,0.003257328990228013,0.014115092290988056,0.02002584304643852,155.5,0.49793844428831974,0.0018954294377975824,xp2
1,time_residual_mean,Z_masked76_time_resid,3377,1842,32,16,-4.720047214190615e-09,-3.06087827306456e-09,0.004690917172150289,0.018456554040312767,-2.4575127433479338e-05,0.003257328990228013,0.016286644951140065,0.02053971072573975,154.0,0.5,1.4456028966473393e-18,xp2
2,real_eeg_ridge,Z_masked76,3377,1842,32,16,0.0005198568246669311,0.0024787671864032745,-0.033781143538544514,-0.026132148690521717,-1.6609049394963091,0.003257328990228013,0.016286644951140065,0.021379245636200243,149.5,0.5076926898157019,0.00511031841754925,xp2
2,shifted_null_ridge,Z_masked76,3377,1842,32,16,-0.0008687010486028157,-0.003094131767284125,-0.02728276050054993,-0.024356404319405556,-1.0347849982445712,0.0027144408251900108,0.01520086862106406,0.019512213137054143,156.0,0.4943422537310255,-0.004219681851034189,xp2
2,time_only_ridge,Z_masked76,3377,1842,32,16,0.008477359613607405,0.00423979148035869,0.04200353849932413,0.04467545263469219,0.001964237490079568,0.004343105320304018,0.018458197611292075,0.022977109094436742,140.5,0.5256115475506163,0.04479210955064692,xp2
2,train_mean,Z_masked76,3377,1842,32,16,-5.819919554220629e-09,-3.2488041146194746e-09,-0.026837875253159272,-0.03940196521580219,-2.5067876356477115e-05,0.003257328990228013,0.016286644951140065,0.02053971072573975,154.0,0.5,4.915049848600954e-18,xp2
2,time_residual_eeg_ridge,Z_masked76_time_resid,3377,1842,32,16,-0.00041381480787094915,0.0019115033792331815,-0.00758413901333031,-0.013580429833382368,-1.7155408306158542,0.0027144408251900108,0.016286644951140065,0.02074325312059286,151.5,0.5059274162071633,0.004208020525184117,xp2
2,time_residual_shifted_null,Z_masked76_time_resid,3377,1842,32,16,0.0010809004538714362,0.0024609899846836925,-0.00825302842994669,-0.004736573435366154,-2.1506475923121475,0.003257328990228013,0.016286644951140065,0.020808046983732297,152.0,0.505109535670946,0.005374860313781974,xp2
2,time_residual_mean,Z_masked76_time_resid,3377,1842,32,16,-1.5630012839551455e-09,2.7569089233736577e-09,-0.004193059301636542,0.0017361518694087863,-2.5117843417188368e-05,0.003257328990228013,0.016286644951140065,0.02053971072573975,154.0,0.5,-6.505213034913027e-19,xp2
3,real_eeg_ridge,Z_masked76,3684,1535,32,16,0.00710035543943377,0.0073169313836842775,-0.019984363906858305,-0.011053113266825676,-1.37732923058143,0.003908794788273616,0.020195439739413682,0.021544989255667803,153.0,0.5036341572459603,0.004810160891204442,xp2
3,shifted_null_ridge,Z_masked76,3684,1535,32,16,0.0004259919969626935,0.0027281504590064287,0.0031884796795335142,0.011898161843419075,-0.8065075705891636,0.001954397394136808,0.01498371335504886,0.018765605023001137,153.0,0.500476889995955,-0.0036732528205648944,xp2
3,time_only_ridge,Z_masked76,3684,1535,32,16,0.012406059569912031,0.016985042952001095,0.05236146544534425,0.026984546333551407,0.0033544534306472196,0.003908794788273616,0.019543973941368076,0.0225953035340373,145.0,0.5309169487556151,0.05357756566826801,xp2
3,train_mean,Z_masked76,3684,1535,32,16,6.529575372457178e-10,-9.810645629215742e-10,-0.03373192747718935,-0.03859175369143486,-2.27276286450806e-05,0.003257328990228013,0.016286644951140065,0.020539710725739745,154.0,0.5,-1.1058862159352144e-18,xp2
3,time_residual_eeg_ridge,Z_masked76_time_resid,3684,1535,32,16,0.007144255880120909,0.007439982146024704,-0.00342446648375835,-0.006183668039739132,-1.2129235137011602,0.003257328990228013,0.016286644951140065,0.02072806897859989,154.0,0.5014413148538459,0.002053360650460561,xp2
3,time_residual_shifted_null,Z_masked76_time_resid,3684,1535,32,16,0.002206695344966647,0.004703853279352188,-0.00016106306548694494,-0.005323074292391539,-0.6961181818943682,0.004560260586319218,0.01758957654723127,0.021454662968717418,154.0,0.5012369334270081,0.006779743152181386,xp2
3,time_residual_mean,Z_masked76_time_resid,3684,1535,32,16,-5.598284613661519e-10,-8.376264681864143e-10,0.015992366024164078,0.006665937602519989,-2.2885227682234444e-05,0.003257328990228013,0.016286644951140065,0.02053971072573975,154.0,0.5,-6.938893903907229e-19,xp2
1,real_eeg_ridge,Z_neurostorm,3537,1944,32,16,7.110308433766477e-05,-0.0019396146526560187,-6.038251530796811e-05,-0.005465653026476502,-1.2788893997002737,0.0051440329218107,0.01954732510288066,0.02611389961301631,123.0,0.5040372828952898,0.0014683619392322567,natview_neurostorm
1,shifted_null_ridge,Z_neurostorm,3537,1944,32,16,0.000713671906851232,-0.0030487232143059373,-0.0065315488677753575,-0.007716402877122164,-0.799144106261827,0.00411522633744856,0.02263374485596708,0.025667293378137945,123.0,0.495821582264643,-0.0054001938370837384,natview_neurostorm
1,time_only_ridge,Z_neurostorm,3537,1944,32,16,0.02420703748430242,0.021208389662206173,0.005285038309966133,0.010737610049545765,-0.0026868360322926943,0.004629629629629629,0.02263374485596708,0.02600569603251505,120.0,0.5096712372065101,0.006822777869115379,natview_neurostorm
1,train_mean,Z_neurostorm,3537,1944,32,16,3.986190392261644e-09,5.072011255435882e-09,0.001525470771874307,0.0010358705767430365,-3.893792160591936e-05,0.00411522633744856,0.0205761316872428,0.024957406885679212,122.0,0.5,-5.421010862427522e-20,natview_neurostorm
1,time_residual_eeg_ridge,Z_neurostorm_time_resid,3537,1944,32,16,0.00037408126445370726,-0.0013674469664692879,-0.0009027753674882163,-0.0075250191148370504,-1.3734773169257162,0.004629629629629629,0.0205761316872428,0.024930001761739252,123.0,0.5015741177001513,0.00033567703070096406,natview_neurostorm
1,time_residual_shifted_null,Z_neurostorm_time_resid,3537,1944,32,16,-0.0032809637687023496,-0.0023255383712239563,-0.021202700139546334,-0.01923401653766632,-1.146982866706971,0.00360082304526749,0.02109053497942387,0.02422812953373014,123.0,0.4965036196528959,-0.006420518894320177,natview_neurostorm
1,time_residual_mean,Z_neurostorm_time_resid,3537,1944,32,16,-7.484096720133948e-10,1.0589696897156387e-09,-0.022723318286785168,-0.048482902348041534,-3.823943724889922e-05,0.00411522633744856,0.0205761316872428,0.024957406885679212,122.0,0.5,-1.5720931501039814e-18,natview_neurostorm
2,real_eeg_ridge,Z_neurostorm,3657,1824,32,16,0.0024831021000863984,-0.004157171351835132,0.020288450889462472,0.020080548711121082,-0.8155228772294341,0.003289473684210526,0.020285087719298246,0.023819825131926126,128.0,0.5060417070476787,0.008193218979550403,natview_neurostorm
2,shifted_null_ridge,Z_neurostorm,3657,1824,32,16,0.003813722711583978,0.004857612075284123,-0.009141048513647707,-0.010299835354089737,-0.6077562259388514,0.0027412280701754384,0.01918859649122807,0.023436607876869072,131.0,0.49560288811082914,-0.003397335301769736,natview_neurostorm
2,time_only_ridge,Z_neurostorm,3657,1824,32,16,0.006645560693868902,0.0074808921199291945,0.00505113068079242,-0.0008965126980911009,-0.0032762584617576085,0.004934210526315789,0.027412280701754384,0.027204532250836744,128.0,0.5063988536212682,0.007394951301412515,natview_neurostorm
2,train_mean,Z_neurostorm,3657,1824,32,16,-2.568642716401733e-09,-3.5030616185594e-09,0.01433786205797903,0.009016186464577913,-0.00014642642255635607,0.003837719298245614,0.01918859649122807,0.023566787282999713,131.0,0.5,1.2390881971262907e-19,natview_neurostorm
2,time_residual_eeg_ridge,Z_neurostorm_time_resid,3657,1824,32,16,0.0016163104664883576,-0.003676586668007076,0.015381784848985166,0.01235075993463397,-0.8095873070129496,0.004934210526315789,0.01699561403508772,0.02424825467622972,130.0,0.5030127534821747,0.00485264862535384,natview_neurostorm
2,time_residual_shifted_null,Z_neurostorm_time_resid,3657,1824,32,16,-0.0004041923166369088,0.001327631704043597,0.00026881160496678173,0.0026479356456547976,-0.8174187800635206,0.004934210526315789,0.01699561403508772,0.024176141681757135,130.5,0.5017001797070538,0.00041247379519690177,natview_neurostorm
2,time_residual_mean,Z_neurostorm_time_resid,3657,1824,32,16,-1.7945864212654512e-09,0.0,-0.01659253603269973,-0.025055422447621822,-0.0001506052509725464,0.003837719298245614,0.01918859649122807,0.023566787282999713,131.0,0.5,-1.2390881971262908e-18,natview_neurostorm
3,real_eeg_ridge,Z_neurostorm,3768,1713,32,16,-0.000731936879674322,-0.002231272083008662,-0.014977802631105906,-0.02396736666560173,-1.025090055182265,0.004086398131932283,0.016929363689433742,0.02464310988747063,125.0,0.4958173453199556,-0.005739642726867845,natview_neurostorm
3,shifted_null_ridge,Z_neurostorm,3768,1713,32,16,0.0042375299672130495,0.005052301101386547,0.0038920986543652006,0.00739235058426857,-0.6543993240832626,0.004086398131932283,0.023934617629889084,0.02633328686231264,121.0,0.5090070230696614,0.005375649572309487,natview_neurostorm
3,time_only_ridge,Z_neurostorm,3768,1713,32,16,0.007414984589559026,0.009111003717407584,-0.014280885921750964,-0.018275078386068344,-0.008241853811088884,0.005837711617046118,0.023350846468184472,0.02699624309465407,123.0,0.49831614336948915,-0.01187453542817569,natview_neurostorm
3,train_mean,Z_neurostorm,3768,1713,32,16,9.171442904074145e-10,2.319261893646285e-09,0.038170933092713806,0.07556349784135818,-0.00023277294503221135,0.004086398131932283,0.020431990659661413,0.024829865137054118,123.0,0.5,-4.956352788505163e-19,natview_neurostorm
3,time_residual_eeg_ridge,Z_neurostorm_time_resid,3768,1713,32,16,-0.0014385908511940215,-0.001047976671543438,-0.015038833893223464,-0.023597965016961098,-0.9335209902917438,0.005837711617046118,0.020431990659661413,0.02569462961913373,124.0,0.49223200469246947,-0.00794878397216439,natview_neurostorm
3,time_residual_shifted_null,Z_neurostorm_time_resid,3768,1713,32,16,-0.004080380242157844,-0.0045295837335288525,0.001427777759969763,0.004566104616969824,-0.79032618164785,0.0035026269702276708,0.018096906012842966,0.022544743622213637,126.0,0.4895410548984012,-0.009924023742369848,natview_neurostorm
3,time_residual_mean,Z_neurostorm_time_resid,3768,1713,32,16,3.000844209695893e-09,2.4481748850391227e-09,0.010086861850699395,0.013379530981183052,-0.00022946389354627783,0.004086398131932283,0.020431990659661413,0.02482986513705411,123.0,0.5,3.717264591378872e-19,natview_neurostorm
