fold,method,target_mode,n_train,n_test,y_dim,context_steps,target_corr_mean,target_corr_median,row_corr_mean,row_corr_median,r2,retrieval_top1,retrieval_top5,retrieval_mrr,retrieval_median_rank,retrieval_rank_percentile_mean,diag_minus_offdiag,dataset_name,calib_frac,n_calib_seq
1,real_eeg_ridge,calib0.25,14325,2863,32,16,0.023020929609629093,0.01965567283332348,0.02308277263758202,0.03636149317026138,-0.30987279484897656,0.0006985679357317499,0.010827803003842123,0.015415945974915834,192.0,0.5202344996678379,0.026914982208822758,affective,0.25,1589
1,shifted_null_ridge,calib0.25,14325,2863,32,16,-0.004402302429298288,-0.00719953328371048,-0.0005606628986818172,0.004790667910128832,-0.21870859006849352,0.0031435557107928748,0.015717778553964373,0.01726119012882384,202.0,0.5019167813824796,0.0017280999885694436,affective,0.25,1589
1,time_only_ridge,calib0.25,14325,2863,32,16,9.53620777650599e-05,0.0011688459198921919,0.008740540043014345,0.019497260451316833,-1.0135970841318453e-05,0.0024449877750611247,0.011526370939573873,0.015843788698781485,200.0,0.5035904337285037,0.0030784973720697447,affective,0.25,1589
1,train_mean,calib0.25,14325,2863,32,16,1.851100401616927e-09,3.013773008930798e-09,0.003987102050292811,0.012406687252223492,-7.698205702233452e-06,0.0024449877750611247,0.012224938875305624,0.016117733048088983,205.0,0.5,3.2526065174565133e-19,affective,0.25,1589
1,time_residual_eeg_ridge,calib0.25_time_resid,14325,2863,32,16,0.023039243638777407,0.01961990538984537,0.0222466926389407,0.03521338850259781,-0.30958617695330903,0.001047851903597625,0.011526370939573873,0.015674026840243948,192.0,0.5203320937176826,0.026854054134037846,affective,0.25,1589
1,time_residual_shifted_null,calib0.25_time_resid,14325,2863,32,16,-0.0012519203119154554,0.0017622797167859972,-0.0025910243343277577,0.001516645192168653,-0.2737460444215438,0.0034928396786587496,0.010827803003842123,0.016350859514512654,203.0,0.49817139569764335,-0.0009129910976007607,affective,0.25,1589
1,time_residual_mean,calib0.25_time_resid,14325,2863,32,16,7.190338324747358e-10,-4.19315204780446e-09,-0.003197617478287392,-0.002708731684833765,-6.0302363749098475e-06,0.0024449877750611247,0.012224938875305624,0.016117733048088983,205.0,0.5,6.195440985631454e-20,affective,0.25,1589
2,real_eeg_ridge,calib0.25,14330,2861,32,16,0.018184159860084037,0.019284402020275593,0.024886538353736717,0.020228032022714615,-0.09111592853899331,0.003495281370150297,0.017825934987766516,0.019601837984182344,196.0,0.5172522461478897,0.025884872128844456,affective,0.25,1588
2,shifted_null_ridge,calib0.25,14330,2861,32,16,0.009586400406988105,0.010148999281227589,0.01796728540767747,0.025810137391090393,-0.061188004199953516,0.0027962250961202375,0.013282069206571129,0.01688750258729792,199.0,0.5116318249268154,0.015329546635649996,affective,0.25,1588
2,time_only_ridge,calib0.25,14330,2861,32,16,-0.0006138166709206416,-0.00028952663706149906,-0.012078996993014077,-0.02261466532945633,-6.411384677007526e-05,0.0027962250961202375,0.01083537224746592,0.015560592485053891,204.0,0.4978131280715591,-0.0018986986582279258,affective,0.25,1588
2,train_mean,calib0.25,14330,2861,32,16,-9.250498145263464e-10,-3.3017435452364907e-09,-0.01753716884155655,-0.035611800849437714,-2.648420520667827e-06,0.002446696959105208,0.01223348479552604,0.01612728897186702,205.0,0.5,1.053224967557347e-18,affective,0.25,1588
2,time_residual_eeg_ridge,calib0.25_time_resid,14330,2861,32,16,0.018263850913172064,0.01962496107444167,0.025491895373760395,0.02342996932566166,-0.09105260823249561,0.003844809507165327,0.016427822439706398,0.019333806932689532,196.0,0.5178357467925401,0.026435931664142178,affective,0.25,1588
2,time_residual_shifted_null,calib0.25_time_resid,14330,2861,32,16,0.0014285947381722508,0.003002384561114013,-0.00045163508978967654,0.0007292505470104516,-0.1079805803516749,0.002446696959105208,0.009087731562390773,0.015299571138238103,205.0,0.49859171482595865,-0.0022587882887626504,affective,0.25,1588
2,time_residual_mean,calib0.25_time_resid,14330,2861,32,16,3.3391756859568744e-09,6.239614602776555e-09,0.023155824854679735,0.04973308742046356,-1.3241271188402237e-06,0.002446696959105208,0.01223348479552604,0.01612728897186702,205.0,0.5,6.195440985631454e-19,affective,0.25,1588
3,real_eeg_ridge,calib0.25,14325,2863,32,16,0.024216040138526296,0.020750077441334724,0.04762254468222936,0.04192760959267616,-0.09491525320166283,0.004889975550122249,0.020258470136220747,0.022244455732185996,186.0,0.5367321745324046,0.051720457935748455,affective,0.25,1589
3,shifted_null_ridge,calib0.25,14325,2863,32,16,0.004984486135072075,0.001383247144985944,-0.004302586402553431,0.0038038790225982666,-0.12297385358336643,0.00209570380719525,0.014320642682500873,0.01611715675704417,201.0,0.5045809277256135,0.0025334134917927137,affective,0.25,1589
3,time_only_ridge,calib0.25,14325,2863,32,16,-0.0005265085169412487,0.00025653078773757443,0.004588264558571067,0.005791704636067152,-0.00021758384172665401,0.0017464198393293748,0.013272790778903249,0.015590717656092684,199.0,0.5052957613363194,0.005852017292180275,affective,0.25,1589
3,train_mean,calib0.25,14325,2863,32,16,-2.022075827292123e-09,7.77707842569697e-10,0.01914573517276913,0.04748620092868805,-4.460438204345607e-06,0.0024449877750611247,0.012224938875305624,0.016117733048088983,205.0,0.5,4.4916947145828045e-19,affective,0.25,1589
3,time_residual_eeg_ridge,calib0.25_time_resid,14325,2863,32,16,0.02422605620813556,0.02103241439908743,0.05080264018760464,0.0481649674475193,-0.09462365144726315,0.0041914076143905,0.020607754104086624,0.02194050139134767,186.0,0.5377449268215845,0.05381092559211966,affective,0.25,1589
3,time_residual_shifted_null,calib0.25_time_resid,14325,2863,32,16,-0.005916225796681829,-0.0049781170673668385,0.013018380827620142,0.02237590029835701,-0.12392824106852784,0.0038421236465246244,0.011177086971707998,0.01710127185043988,200.0,0.5068782402936726,0.006962571706644408,affective,0.25,1589
3,time_residual_mean,calib0.25_time_resid,14325,2863,32,16,-2.6312178493718226e-09,-1.0973366659783323e-09,-0.022237061226523323,-0.03076338768005371,-4.8871119893156845e-06,0.0024449877750611247,0.012224938875305624,0.016117733048088983,205.0,0.5,1.2390881971262908e-18,affective,0.25,1589
1,real_eeg_ridge,calib0.3,14647,2863,32,16,0.027176178044101107,0.021486898884177208,0.029811029997333028,0.04994397982954979,-0.2115898046229081,0.00209570380719525,0.015019210618232623,0.01799338757074906,185.0,0.5295487388109278,0.03404669654373037,affective,0.3,1911
1,shifted_null_ridge,calib0.3,14647,2863,32,16,0.006883335916427313,0.004708152962848544,0.0037742739823551125,-0.003485260996967554,-0.12765876665773956,0.0038421236465246244,0.013622074746769124,0.01786821418090579,206.0,0.5008449590104991,0.001783269279759126,affective,0.3,1911
1,time_only_ridge,calib0.3,14647,2863,32,16,1.158675968326861e-05,0.000999966956442222,0.009364070171264881,0.011276431381702423,-1.1185589381401684e-05,0.0024449877750611247,0.010827803003842123,0.015869394269115572,205.0,0.5014005602240896,0.0032885328044701474,affective,0.3,1911
1,train_mean,calib0.3,14647,2863,32,16,2.461521490910894e-09,3.074958065951705e-09,-0.007947929856069397,-0.016199002042412758,-7.030941896912779e-06,0.0024449877750611247,0.012224938875305624,0.016117733048088983,205.0,0.5,-1.146156582341819e-18,affective,0.3,1911
1,time_residual_eeg_ridge,calib0.3_time_resid,14647,2863,32,16,0.027215336120207212,0.021511291153728962,0.03012366137113428,0.048576127737760544,-0.21095642551855476,0.00209570380719525,0.015368494586098498,0.01792911793757876,185.0,0.5299168567182374,0.03414965434611713,affective,0.3,1911
1,time_residual_shifted_null,calib0.3_time_resid,14647,2863,32,16,0.0009840323514254123,0.002153377397917211,0.006546918183031812,0.01640879362821579,-0.22711012161420374,0.0027942717429269995,0.012574222843171499,0.016522438961121322,203.0,0.5019904049639415,0.0009085391520012089,affective,0.3,1911
1,time_residual_mean,calib0.3_time_resid,14647,2863,32,16,-9.488924923584108e-11,3.0514399895764655e-09,-0.0032599676985354893,-0.003951152786612511,-5.944310629946159e-06,0.0024449877750611247,0.012224938875305624,0.016117733048088983,205.0,0.5,-1.2390881971262907e-19,affective,0.3,1911
2,real_eeg_ridge,calib0.3,14650,2861,32,16,0.02196629369427683,0.02964879758656025,0.03501024319344268,0.043794166296720505,-0.07893744558980864,0.0027962250961202375,0.019573575672841664,0.01908828218073925,193.0,0.5247090658510267,0.03622008474946303,affective,0.3,1908
2,shifted_null_ridge,calib0.3,14650,2861,32,16,0.004900532612737152,0.0011974598455708474,0.002568387578496086,0.007188016083091497,-0.06856290501689521,0.0031457532331352674,0.013981125480601188,0.017336550918930497,201.0,0.5045979130000058,0.005304893034714249,affective,0.3,1908
2,time_only_ridge,calib0.3,14650,2861,32,16,-0.0005339092003850965,-0.0010057597246486694,-0.009751835551413145,-0.02380540780723095,-6.350611996119859e-05,0.0020971688220901784,0.01083537224746592,0.01521051093268348,206.0,0.49845566412996273,-0.0010936653635684405,affective,0.3,1908
2,train_mean,calib0.3,14650,2861,32,16,1.7453070972577628e-09,3.959347849580297e-09,-0.007626859844714617,-0.00810969714075327,-3.5281177757084947e-06,0.002446696959105208,0.01223348479552604,0.01612728897186702,205.0,0.5,-6.814985084194599e-19,affective,0.3,1908
2,time_residual_eeg_ridge,calib0.3_time_resid,14650,2861,32,16,0.021960532563753077,0.029151040129363537,0.03538722447823191,0.04427558183670044,-0.07892207257439043,0.0027962250961202375,0.017476406850751487,0.018741024854458013,192.0,0.5252807501286381,0.03661916819507387,affective,0.3,1908
2,time_residual_shifted_null,calib0.3_time_resid,14650,2861,32,16,-0.0068718080437975,-0.009752311278134584,-0.012569611124952203,-0.0157428327947855,-0.09693607502517754,0.0017476406850751485,0.01258301293254107,0.015785647487989864,208.0,0.4941755565416032,-0.009076796518406163,affective,0.3,1908
2,time_residual_mean,calib0.3_time_resid,14650,2861,32,16,-1.346563537757417e-09,5.639985839467343e-10,-0.019053917300997432,-0.037468574941158295,-1.4332088831281453e-06,0.002446696959105208,0.01223348479552604,0.01612728897186702,205.0,0.5,2.7879484435341544e-18,affective,0.3,1908
3,real_eeg_ridge,calib0.3,14647,2863,32,16,0.02850424604548607,0.028533706441521645,0.05236954735853973,0.0560915432870388,-0.08097094048342823,0.0038421236465246244,0.021306322039818373,0.02188602398168485,183.0,0.53919342798244,0.05581451705012467,affective,0.3,1911
3,shifted_null_ridge,calib0.3,14647,2863,32,16,-0.0030648617084807483,-0.004038091981783509,-0.020881813035499335,-0.01327221654355526,-0.10793670163875935,0.0024449877750611247,0.012574222843171499,0.015445464878933465,208.0,0.49097854300644467,-0.017350752221985243,affective,0.3,1911
3,time_only_ridge,calib0.3,14647,2863,32,16,-0.0005637055662646162,-5.7811539591057226e-05,-0.0017142751752616857,0.0032269556540995836,-0.00021088271493452382,0.0024449877750611247,0.013272790778903249,0.016197639406564865,203.0,0.501873976974653,0.0024321612304569534,affective,0.3,1911
3,train_mean,calib0.3,14647,2863,32,16,1.3590135842075517e-09,3.797087866352911e-09,-0.02322683351718955,-0.04986913129687309,-5.591126736037566e-06,0.0024449877750611247,0.012224938875305624,0.016117733048088983,205.0,0.5,0.0,affective,0.3,1911
3,time_residual_eeg_ridge,calib0.3_time_resid,14647,2863,32,16,0.028511901196907274,0.028617179952561855,0.05475703690691016,0.057991884648799896,-0.08089096933229545,0.0034928396786587496,0.021306322039818373,0.021645729022155467,182.0,0.5395992137686371,0.05769384078694261,affective,0.3,1911
3,time_residual_shifted_null,calib0.3_time_resid,14647,2863,32,16,-0.0034207317548862193,-0.0014045240823179483,-0.007929987112031564,-0.00474743265658617,-0.09776722973527208,0.0031435557107928748,0.012574222843171499,0.01585309556846447,210.0,0.4877476663036852,-0.012416512538125994,affective,0.3,1911
3,time_residual_mean,calib0.3_time_resid,14647,2863,32,16,-8.148218257527281e-10,-1.7976976574018977e-09,-0.01850428139607141,-0.027089115232229233,-5.103891534963267e-06,0.0024449877750611247,0.012224938875305624,0.016117733048088983,205.0,0.5,-1.2390881971262907e-19,affective,0.3,1911
1,real_eeg_ridge,calib0.35,14962,2863,32,16,0.031195430011848657,0.028301099315285683,0.03842867305106095,0.05832914263010025,-0.16916520184080963,0.0034928396786587496,0.015717778553964373,0.01945850635751977,180.0,0.5363820344763822,0.04178422906236829,affective,0.35,2226
1,shifted_null_ridge,calib0.35,14962,2863,32,16,-0.006059578263148069,-0.005686131538823247,-0.006942672597561464,-0.01094724703580141,-0.1396047670649181,0.005239259517988124,0.017114914425427872,0.019141839319785955,214.0,0.49085697848821686,-0.00883197650616942,affective,0.35,2226
1,time_only_ridge,calib0.35,14962,2863,32,16,-0.0002233030672869063,0.0004975832562195137,0.010311335315426298,0.007838055491447449,-1.2257422731254408e-05,0.0006985679357317499,0.011526370939573873,0.014364604561164585,205.0,0.49975173443460513,0.0020454336841696885,affective,0.35,2226
1,train_mean,calib0.35,14962,2863,32,16,1.526170906823216e-10,-1.8084860275990877e-09,0.0034674508460929765,-0.0011942823184654117,-7.0863225165584964e-06,0.0024449877750611247,0.012224938875305624,0.016117733048088983,205.0,0.5,-1.858632295689436e-19,affective,0.35,2226
1,time_residual_eeg_ridge,calib0.35_time_resid,14962,2863,32,16,0.031244512929333723,0.028272303752601147,0.03930033468493128,0.059722650796175,-0.16915918553500187,0.0031435557107928748,0.015368494586098498,0.019322173772405738,181.0,0.5368725729900763,0.04200476424634022,affective,0.35,2226
1,time_residual_shifted_null,calib0.35_time_resid,14962,2863,32,16,0.004173218989308225,0.001028356680762954,-0.0016224050403619707,-0.0038011535070836544,-0.11506419083566644,0.0031435557107928748,0.012224938875305624,0.016482442800836588,205.0,0.49922010368939757,0.00016443933961179266,affective,0.35,2226
1,time_residual_mean,calib0.35_time_resid,14962,2863,32,16,1.1856285892878718e-09,1.6925674195533702e-09,-0.003736357644035115,-0.0073931654915213585,-6.128673804894902e-06,0.0024449877750611247,0.012224938875305624,0.016117733048088983,205.0,0.5,-9.29316147844718e-20,affective,0.35,2226
2,real_eeg_ridge,calib0.35,14967,2861,32,16,0.022013592868461274,0.023437347263097763,0.042022620663680385,0.05195189267396927,-0.07706027504835045,0.003844809507165327,0.018175463124781546,0.019416992413077733,188.0,0.5282533049618985,0.041136074056886004,affective,0.35,2225
2,shifted_null_ridge,calib0.35,14967,2861,32,16,0.004879509235252044,0.0014954135403968394,0.004662670921779103,0.0061283959075808525,-0.07312737566085681,0.002446696959105208,0.01223348479552604,0.016244147411545225,205.0,0.5027178024001607,0.0029494329075880127,affective,0.35,2225
2,time_only_ridge,calib0.35,14967,2861,32,16,-0.0007799728609825252,-0.0016929268022067845,-0.014707792013069293,-0.023621434345841408,-7.350386155424715e-05,0.0020971688220901784,0.01223348479552604,0.015986838093142764,206.0,0.4981925600574451,-0.0006055214746088512,affective,0.35,2225
2,train_mean,calib0.35,14967,2861,32,16,1.5304922765643374e-09,7.169195931355787e-10,-0.011127334061165275,-0.031180495396256447,-5.202833573969556e-06,0.002446696959105208,0.01223348479552604,0.01612728897186702,205.0,0.5,-6.969871108835386e-19,affective,0.35,2225
2,time_residual_eeg_ridge,calib0.35_time_resid,14967,2861,32,16,0.022064397351641674,0.023129641078412533,0.04260885871388478,0.054005011916160583,-0.07693606178307077,0.003844809507165327,0.017126878713736457,0.019158000087582193,189.0,0.5288239088859519,0.04171972605287144,affective,0.35,2225
2,time_residual_shifted_null,calib0.35_time_resid,14967,2861,32,16,-0.007905506550741848,-0.010995850432664156,-0.016465495958751075,-0.01021498627960682,-0.08675033400891508,0.003495281370150297,0.0129325410695561,0.01579479663081843,210.0,0.49126429067209576,-0.01759451502063298,affective,0.35,2225
2,time_residual_mean,calib0.35_time_resid,14967,2861,32,16,-3.5528185202832185e-09,-4.863506930519179e-09,-0.020460329566022974,-0.04066961631178856,-1.4389779272594438e-06,0.002446696959105208,0.01223348479552604,0.01612728897186702,205.0,0.5,4.336808689942018e-18,affective,0.35,2225
3,real_eeg_ridge,calib0.35,14962,2863,32,16,0.0315863542164152,0.03640975244343281,0.055329621226690745,0.05706088989973068,-0.0726007104683708,0.004889975550122249,0.023751309814879495,0.02368012430658483,181.0,0.5412026668858252,0.05728610214912366,affective,0.35,2226
3,shifted_null_ridge,calib0.35,14962,2863,32,16,-0.0074466706973908,-0.003075936547247693,0.007411143863100161,0.007873309776186943,-0.09216761494447168,0.0013971358714634998,0.009430667132378624,0.014338338764499367,202.0,0.5010170327299625,0.0024827452167343403,affective,0.35,2226
3,time_only_ridge,calib0.35,14962,2863,32,16,-0.0006133188435342163,0.0002850944292731583,-0.0038382953193496637,0.0014559804694727063,-0.00021875651268232765,0.0017464198393293748,0.010478519035976248,0.014965646389007412,203.0,0.5015041468910303,0.0012534809566816072,affective,0.35,2226
3,train_mean,calib0.35,14962,2863,32,16,2.5737178620949264e-09,4.858297542043033e-09,0.01835363700676745,0.04485510662198067,-6.597802955754517e-06,0.0024449877750611247,0.012224938875305624,0.016117733048088983,205.0,0.5,1.2390881971262908e-18,affective,0.35,2226
3,time_residual_eeg_ridge,calib0.35_time_resid,14962,2863,32,16,0.0315948715833656,0.03622760996222496,0.057545510231082134,0.05807017534971237,-0.0725824733714504,0.004889975550122249,0.023052741879147746,0.023707284159850926,181.0,0.5424058987898338,0.05953830013586682,affective,0.35,2226
3,time_residual_shifted_null,calib0.35_time_resid,14962,2863,32,16,-0.0006052679896129121,0.0002883603374357335,-0.008713647242522203,-0.0009105654316954315,-0.10533689352973719,0.00209570380719525,0.011526370939573873,0.016233830837437388,203.0,0.4984153808222555,-0.00843485743646625,affective,0.35,2226
3,time_residual_mean,calib0.35_time_resid,14962,2863,32,16,3.197847340633923e-09,4.328666758368627e-09,-0.0236116187862636,-0.04221336171030998,-5.022941528931568e-06,0.0024449877750611247,0.012224938875305624,0.016117733048088983,205.0,0.5,-3.345538132240985e-18,affective,0.35,2226
1,real_eeg_ridge,calib0.25,5588,1115,32,16,0.02475566121574957,0.02336806058883667,0.04978675225761619,0.04887411370873451,-0.20609367903855658,0.011659192825112108,0.045739910313901344,0.04738551387102133,64.0,0.5299055763798085,0.04834208438850692,experience,0.25,618
1,shifted_null_ridge,calib0.25,5588,1115,32,16,-0.02530680449854117,-0.01993571873754263,-0.014145187113332017,-0.020477524027228355,-0.3122323301701959,0.006278026905829596,0.03587443946188341,0.03778710883600741,74.0,0.49196979605831603,-0.01337164727503673,experience,0.25,618
1,time_only_ridge,calib0.25,5588,1115,32,16,0.045133601379347965,0.04096780903637409,0.11589992194493393,0.11886059492826462,0.01592092826452518,0.008968609865470852,0.06367713004484304,0.05460547675776029,56.0,0.5753037459317348,0.12595622077690138,experience,0.25,618
1,train_mean,calib0.25,5588,1115,32,16,7.746776553574364e-09,7.746776553574364e-09,0.004152500309622241,0.012356078252196312,-0.00017373063061776328,0.007174887892376682,0.03587443946188341,0.03952700132562917,70.0,0.5,1.0842021724855044e-19,experience,0.25,618
1,time_residual_eeg_ridge,calib0.25_time_resid,5588,1115,32,16,0.015069047931319801,0.013103738892823458,0.03875589507536424,0.03502069413661957,-0.2077139730762685,0.010762331838565023,0.04304932735426009,0.045189412235191136,66.0,0.5194788823266823,0.03252350523076688,experience,0.25,618
1,time_residual_shifted_null,calib0.25_time_resid,5588,1115,32,16,0.0022449027819675393,0.00535356835462153,-0.00756769377196358,-0.011818303726613522,-0.37268336125488366,0.007174887892376682,0.042152466367713005,0.04170016922981066,70.0,0.5013630991682272,0.004029239546855652,experience,0.25,618
1,time_residual_mean,calib0.25_time_resid,5588,1115,32,16,-3.8643687932144695e-09,-2.898711937149301e-09,0.004390460808945177,-0.0018359952373430133,-7.21498864424408e-05,0.007174887892376682,0.03587443946188341,0.03952700132562917,70.0,0.5,-1.4704491964334654e-18,experience,0.25,618
2,real_eeg_ridge,calib0.25,5615,1098,32,16,0.034376980944216484,0.024272535927593708,0.062121938218378324,0.07658954337239265,-0.2233108096224381,0.011839708561020037,0.056466302367941715,0.0522308020324348,59.5,0.5490251293060104,0.06496425501935069,experience,0.25,609
2,shifted_null_ridge,calib0.25,5615,1098,32,16,-0.016749931372032734,-0.016921062022447586,-0.03580789423891948,-0.03853745572268963,-0.3147419529767872,0.00273224043715847,0.03278688524590164,0.03602304726688553,74.0,0.4762413309363081,-0.03368618735859506,experience,0.25,609
2,time_only_ridge,calib0.25,5615,1098,32,16,0.053914199299470056,0.047263529151678085,0.15200391579280748,0.1503927856683731,0.017045225400581177,0.020036429872495445,0.07468123861566485,0.06975330789087265,43.0,0.6508084734283349,0.15561315112227783,experience,0.25,609
2,train_mean,calib0.25,5615,1098,32,16,3.862597797166245e-09,3.862597797166245e-09,0.04249678320549971,0.1056232675909996,-0.00028009776917348184,0.007285974499089253,0.03642987249544627,0.040061070697549696,69.0,0.5,3.903127820947816e-18,experience,0.25,609
2,time_residual_eeg_ridge,calib0.25_time_resid,5615,1098,32,16,0.027144369447341887,0.02773931995034218,0.04545508209853548,0.049483923241496086,-0.22468867037924367,0.011839708561020037,0.04644808743169399,0.04907448069721553,62.0,0.5395231054829468,0.05025579131838731,experience,0.25,609
2,time_residual_shifted_null,calib0.25_time_resid,5615,1098,32,16,-0.00959126254383591,-0.00985200353898108,-0.02081886366775636,-0.0335510466247797,-0.2989295536182306,0.00546448087431694,0.031876138433515486,0.03528383029996906,73.0,0.48110295063355557,-0.01918512603749415,experience,0.25,609
2,time_residual_mean,calib0.25_time_resid,5615,1098,32,16,-3.5070536844964786e-09,-7.348087693870298e-09,0.06847767875811216,0.14603792130947113,-0.00040570926938698904,0.007285974499089253,0.03642987249544627,0.040061070697549696,69.0,0.5,1.3552527156068805e-18,experience,0.25,609
3,real_eeg_ridge,calib0.25,5558,1132,32,16,0.023764246288010327,0.012556182686239481,0.04532816285955886,0.049697697162628174,-0.1868392115243933,0.012367491166077738,0.053003533568904596,0.05023061669468739,62.0,0.5386643911737784,0.05057054937278907,experience,0.25,628
3,shifted_null_ridge,calib0.25,5558,1132,32,16,-0.0036205656423362598,-0.007775013335049152,0.008503312435266051,-0.007141078356653452,-0.23535533699464617,0.006183745583038869,0.036219081272084806,0.03901043143718645,73.0,0.49438270551649577,0.004445960633110136,experience,0.25,628
3,time_only_ridge,calib0.25,5558,1132,32,16,0.055695747321806266,0.0425575440749526,0.06069549986897835,0.08772791549563408,-0.01187099623797816,0.0088339222614841,0.05035335689045936,0.045951012655842484,64.0,0.5344604675366553,0.06688634409162636,experience,0.25,628
3,train_mean,calib0.25,5558,1132,32,16,-3.215411270574009e-10,-1.782995751042904e-09,-0.00120853363316117,-0.0037996761966496706,-7.637533107485162e-05,0.007067137809187279,0.0353356890459364,0.039070511730795794,71.0,0.5,-7.521652571618187e-19,experience,0.25,628
3,time_residual_eeg_ridge,calib0.25_time_resid,5558,1132,32,16,0.01710709614417283,0.011001849081367254,0.035292188092778676,0.028706541284918785,-0.19240241775152023,0.009717314487632508,0.04240282685512368,0.04484990758950651,66.0,0.5268830549829763,0.038085376191256674,experience,0.25,628
3,time_residual_shifted_null,calib0.25_time_resid,5558,1132,32,16,0.0004295725630072411,-0.002402691578026861,-0.008336500232643736,0.003967867000028491,-0.2648937337696393,0.00441696113074205,0.026501766784452298,0.033278838378210156,72.0,0.486436332777209,-0.021009104022768555,experience,0.25,628
3,time_residual_mean,calib0.25_time_resid,5558,1132,32,16,1.8933562995204766e-09,9.886264307201742e-10,-0.005877202821655811,-0.019156906753778458,-9.54950006093469e-05,0.007067137809187279,0.0353356890459364,0.03907051173079579,71.0,0.5,-4.9873299934333204e-18,experience,0.25,628
1,real_eeg_ridge,calib0.3,5711,1115,32,16,0.024444598064292222,0.025263553485274315,0.05407247445613956,0.043876342475414276,-0.20737923472835185,0.008968609865470852,0.04394618834080718,0.04421917567028579,65.0,0.5257188049835128,0.04513763331925799,experience,0.3,741
1,shifted_null_ridge,calib0.3,5711,1115,32,16,-0.007029232610875624,0.0006334949575830251,-0.017671970516649982,-0.01846308633685112,-0.3442836975988868,0.0053811659192825115,0.033183856502242155,0.03745758305134308,71.0,0.4948075354087067,-0.0061760199543633675,experience,0.3,741
1,time_only_ridge,calib0.3,5711,1115,32,16,0.04245688476896703,0.042982202023267746,0.11664926406129728,0.11356359720230103,0.01584624234188292,0.009865470852017937,0.06636771300448431,0.0548882165876664,56.0,0.5761397215945921,0.12670813605251494,experience,0.3,741
1,train_mean,calib0.3,5711,1115,32,16,1.1785861731006264e-09,4.722289781433631e-10,0.012690209400513306,0.008673163130879402,-0.00011013056791253639,0.007174887892376682,0.03587443946188341,0.03952700132562917,70.0,0.5,2.0057740190981832e-18,experience,0.3,741
1,time_residual_eeg_ridge,calib0.3_time_resid,5711,1115,32,16,0.015460906580074152,0.017018092796206474,0.042170870366034875,0.039683081209659576,-0.20972537941180747,0.009865470852017937,0.042152466367713005,0.04405693108786979,67.0,0.5178314816037188,0.030676620994932895,experience,0.3,741
1,time_residual_shifted_null,calib0.3_time_resid,5711,1115,32,16,-0.012222924837260507,-0.013223176822066307,-0.027366439110000154,-0.020259570330381393,-0.325802475654964,0.003587443946188341,0.029596412556053813,0.03360817890908634,74.0,0.4807360565048582,-0.029130616867772394,experience,0.3,741
1,time_residual_mean,calib0.3_time_resid,5711,1115,32,16,-2.4098192330512802e-09,-4.45785275360322e-09,0.002589082034751606,0.001237462623976171,-7.258722072456258e-05,0.007174887892376682,0.03587443946188341,0.03952700132562917,70.0,0.5,-1.0842021724855044e-18,experience,0.3,741
2,real_eeg_ridge,calib0.3,5736,1098,32,16,0.03588158715865575,0.02951896283775568,0.06286879754053787,0.09863698855042458,-0.2015874046172832,0.014571948998178506,0.0546448087431694,0.055280920003315755,59.0,0.5514907182680618,0.06695288100081533,experience,0.3,730
2,shifted_null_ridge,calib0.3,5736,1098,32,16,-0.009109150155154566,-0.007285146857611835,-0.015295799709719208,-0.028597930446267128,-0.2430104189340041,0.0036429872495446266,0.03460837887067395,0.0365466229655448,72.0,0.4933158371326334,-0.0014240397111505189,experience,0.3,730
2,time_only_ridge,calib0.3,5736,1098,32,16,0.055836531981185544,0.06343154609203339,0.1515858111733458,0.15212954580783844,0.017181496639541605,0.020947176684881604,0.07194899817850638,0.0698580003144208,43.5,0.652038928833009,0.15687533987847732,experience,0.3,730
2,train_mean,calib0.3,5736,1098,32,16,7.765464715703274e-09,7.765464715703274e-09,0.047420439955891125,0.09407380223274231,-0.0001989563171314046,0.007285974499089253,0.03642987249544627,0.040061070697549696,69.0,0.5,-3.5236570605778894e-18,experience,0.3,730
2,time_residual_eeg_ridge,calib0.3_time_resid,5736,1098,32,16,0.02868370919532026,0.0354250930249691,0.0449618101456094,0.05676960572600365,-0.20335064168402273,0.012750455373406194,0.05009107468123861,0.05041618592872872,61.0,0.53955942358641,0.050856339272654864,experience,0.3,730
2,time_residual_shifted_null,calib0.3_time_resid,5736,1098,32,16,0.0034893507545348257,0.009593212511390448,0.013934360500234323,0.0018675680621527135,-0.33251597845170355,0.01092896174863388,0.04553734061930783,0.04483628999633347,68.0,0.5023865386515913,0.004876470009728958,experience,0.3,730
2,time_residual_mean,calib0.3_time_resid,5736,1098,32,16,5.506625568228531e-09,6.052105927523144e-09,0.06705895977608778,0.14739535003900528,-0.0004089258266175566,0.007285974499089253,0.03642987249544627,0.040061070697549696,69.0,0.5,2.439454888092385e-18,experience,0.3,730
3,real_eeg_ridge,calib0.3,5683,1132,32,16,0.02417590814002324,0.019183524418622255,0.04273781249068872,0.04482661932706833,-0.1752939124670181,0.0088339222614841,0.05123674911660778,0.04673343690834714,63.0,0.5379875513637711,0.050041044155266855,experience,0.3,753
3,shifted_null_ridge,calib0.3,5683,1132,32,16,0.011418745645642048,0.00568342674523592,-0.0026310526372209956,-0.009209188167005777,-0.23730982140079626,0.006183745583038869,0.03445229681978799,0.03702709986088545,72.0,0.49912524015336773,-0.0019075926547138609,experience,0.3,753
3,time_only_ridge,calib0.3,5683,1132,32,16,0.05520538576092804,0.04040966369211674,0.05722991356270788,0.08104951679706573,-0.011694890979849104,0.0088339222614841,0.05035335689045936,0.04615200028359236,64.0,0.5340710980186278,0.06608988653785705,experience,0.3,753
3,train_mean,calib0.3,5683,1132,32,16,-8.27583871802299e-09,-4.004521159117758e-09,0.010211870252815928,0.012364281341433525,-5.826110971285381e-05,0.007067137809187279,0.0353356890459364,0.03907051173079579,71.0,0.5,1.0842021724855044e-19,experience,0.3,753
3,time_residual_eeg_ridge,calib0.3_time_resid,5683,1132,32,16,0.01775123797051492,0.009197148028761148,0.032809063890955475,0.034949393942952156,-0.18109077041918265,0.00441696113074205,0.044169611307420496,0.042338166902920256,66.0,0.5282255172624463,0.037860625263858166,experience,0.3,753
3,time_residual_shifted_null,calib0.3_time_resid,5683,1132,32,16,-0.002598729006422218,-0.006256930180825293,0.014196075693683209,0.024282422848045826,-0.24200557975984438,0.007950530035335688,0.03356890459363958,0.04049678400759487,68.0,0.5134521861856955,0.014432813661924403,experience,0.3,753
3,time_residual_mean,calib0.3_time_resid,5683,1132,32,16,1.276941685723898e-08,1.276941685723898e-08,-0.0016664354048199152,-0.004371814429759979,-9.428419723178649e-05,0.007067137809187279,0.0353356890459364,0.03907051173079579,71.0,0.5,-1.8973538018496328e-19,experience,0.3,753
1,real_eeg_ridge,calib0.35,5835,1115,32,16,0.027627803989162203,0.023280472494661808,0.056357715517502266,0.04187377914786339,-0.19320498260035657,0.009865470852017937,0.05022421524663677,0.047350397354354985,66.0,0.5296126943331082,0.05397040476259672,experience,0.35,865
1,shifted_null_ridge,calib0.35,5835,1115,32,16,-0.0003928889382223133,-0.0007029877160675824,-0.020046176140540776,-0.02898833155632019,-0.2822507657607165,0.006278026905829596,0.04304932735426009,0.03976867308977087,74.0,0.4850820672139731,-0.023240834593835497,experience,0.35,865
1,time_only_ridge,calib0.35,5835,1115,32,16,0.04014505455415929,0.028250450268387794,0.11650616682064485,0.1258511245250702,0.015856928583028784,0.009865470852017937,0.06457399103139014,0.05492556255728717,56.0,0.5753671048670493,0.12555868116257143,experience,0.35,865
1,train_mean,calib0.35,5835,1115,32,16,-5.872000718998294e-09,-4.297775302308793e-09,0.010035330334491924,0.02588738687336445,-0.00017680072327719287,0.007174887892376682,0.03587443946188341,0.03952700132562917,70.0,0.5,-5.963111948670274e-19,experience,0.35,865
1,time_residual_eeg_ridge,calib0.35_time_resid,5835,1115,32,16,0.01775516247653286,0.012027484364807606,0.042289862801339645,0.027868887409567833,-0.19674176901257723,0.007174887892376682,0.045739910313901344,0.044236013237706186,67.0,0.5203793117975875,0.03585819399616214,experience,0.35,865
1,time_residual_shifted_null,calib0.35_time_resid,5835,1115,32,16,-0.012458594877898577,-0.007718330714851618,-0.007849491670917754,-0.011836877092719078,-0.24421949449847347,0.0053811659192825115,0.039461883408071746,0.03896403251391019,71.0,0.4892363060075885,-0.011762162523062636,experience,0.35,865
1,time_residual_mean,calib0.35_time_resid,5835,1115,32,16,2.959491631558044e-09,-2.973082890989076e-10,-0.004325470546753284,0.009950126521289349,-7.194532605381276e-05,0.007174887892376682,0.03587443946188341,0.03952700132562917,70.0,0.5000000000000001,4.472333961502706e-19,experience,0.35,865
2,real_eeg_ridge,calib0.35,5860,1098,32,16,0.036118748659191624,0.039603959769010544,0.05738673083973372,0.06856851652264595,-0.19348714589544835,0.018214936247723135,0.05919854280510018,0.05726099177640174,60.0,0.5488284361706469,0.06823882560656572,experience,0.35,854
2,shifted_null_ridge,calib0.35,5860,1098,32,16,-0.0035096063365926966,-0.0024419203400611877,-0.022051573836897542,-0.026605299673974514,-0.3433746476236941,0.006375227686703097,0.03460837887067395,0.03794104963770769,70.0,0.49218067104502394,-0.011601739502019651,experience,0.35,854
2,time_only_ridge,calib0.35,5860,1098,32,16,0.059084865970362443,0.058151714503765106,0.15552317663107554,0.15964457392692566,0.018436797089965262,0.020947176684881604,0.07103825136612021,0.07012270902528898,43.0,0.6530145294502866,0.16089820485356185,experience,0.35,854
2,train_mean,calib0.35,5860,1098,32,16,7.250149225423997e-09,3.247158986141585e-09,-0.03082275837689523,-0.06828995421528816,-0.0002416481333682441,0.007285974499089253,0.03642987249544627,0.040061070697549696,69.0,0.5,-1.1926223897340549e-18,experience,0.35,854
2,time_residual_eeg_ridge,calib0.35_time_resid,5860,1098,32,16,0.028266679833905073,0.03802766464650631,0.037262156183264374,0.04493701457977295,-0.19780531405385227,0.010018214936247723,0.04553734061930783,0.046414811864902546,62.0,0.5360200342397424,0.04893357764018128,experience,0.35,854
2,time_residual_shifted_null,calib0.35_time_resid,5860,1098,32,16,-0.007387060764813214,-0.006427861837437376,-0.02275062346929461,-0.020399121567606926,-0.24066742837052502,0.004553734061930784,0.031876138433515486,0.03667538806505254,70.5,0.48831656443912286,-0.018259737088663124,experience,0.35,854
2,time_residual_mean,calib0.35_time_resid,5860,1098,32,16,-6.444162240863231e-09,-1.2892580336654191e-08,0.06068158030101965,0.12449724599719048,-0.0004181685930249035,0.007285974499089253,0.03642987249544627,0.040061070697549696,69.0,0.5,-2.5362284023161888e-18,experience,0.35,854
3,real_eeg_ridge,calib0.35,5810,1132,32,16,0.02425577075155161,0.01988489367067814,0.04031977270157893,0.04701693169772625,-0.1626201172095616,0.007950530035335688,0.045936395759717315,0.044459585879447046,62.5,0.5377079832137337,0.04798746592745533,experience,0.35,880
3,shifted_null_ridge,calib0.35,5810,1132,32,16,-0.003305580266896868,-0.004879721673205495,0.02094418281797423,0.02155209891498089,-0.18621637631628785,0.009717314487632508,0.045936395759717315,0.04402757816298848,67.0,0.5146464847316484,0.021793653262231105,experience,0.35,880
3,time_only_ridge,calib0.35,5810,1132,32,16,0.05290383285318967,0.04931960813701153,0.059039055351977274,0.08457997813820839,-0.01159185370349669,0.0088339222614841,0.04770318021201413,0.045887407505619024,64.0,0.5346204329004925,0.066909966191356,experience,0.35,880
3,train_mean,calib0.35,5810,1132,32,16,1.8442124841144825e-09,-1.7504485361197197e-09,0.007126221113499705,-0.005189595045521855,-9.45336217506032e-05,0.007067137809187279,0.0353356890459364,0.039070511730795794,71.0,0.5000000000000001,-2.710505431213761e-19,experience,0.35,880
3,time_residual_eeg_ridge,calib0.35_time_resid,5810,1132,32,16,0.0178645178297252,0.014930137898772955,0.03036066203355336,0.035752519965171814,-0.17212098237415607,0.00441696113074205,0.045053003533568906,0.04142323578935634,67.0,0.5277178365052677,0.034887068573779295,experience,0.35,880
3,time_residual_shifted_null,calib0.35_time_resid,5810,1132,32,16,-0.009865467386589444,-0.011251796036958694,-0.004307042661718629,-0.01616210676729679,-0.21151215076786722,0.00441696113074205,0.030035335689045935,0.03539880677567298,73.0,0.4868168227884749,-0.00947869982340294,experience,0.35,880
3,time_residual_mean,calib0.35_time_resid,5810,1132,32,16,-5.475919273578711e-09,-5.400240699060532e-09,0.003288217528417539,-0.0087745301425457,-9.338413850179528e-05,0.007067137809187279,0.0353356890459364,0.03907051173079579,71.0,0.5,-5.963111948670274e-19,experience,0.35,880
1,real_eeg_ridge,calib0.25,3772,810,32,16,0.012954275036463514,0.015822827350348234,0.021201961895075117,0.004812461324036121,-0.478259361101264,0.007407407407407408,0.044444444444444446,0.04267696417490388,69.0,0.5073337018610651,0.008016922406566302,xp2,0.25,450
1,shifted_null_ridge,calib0.25,3772,810,32,16,-0.0026512624262977624,0.007528794929385185,-0.02172729433471061,-0.013591807801276445,-0.8825611518979146,0.007407407407407408,0.037037037037037035,0.03949083713656826,72.0,0.4841072415699282,-0.0258647119549332,xp2,0.25,450
1,time_only_ridge,calib0.25,3772,810,32,16,0.019311382216983475,0.007834928343072534,0.059858687092869164,0.0662245973944664,-0.0008543018343465381,0.008641975308641974,0.028395061728395062,0.040846087796533696,63.0,0.518223696333149,0.030839293829701964,xp2,0.25,450
1,train_mean,calib0.25,3772,810,32,16,4.522373367944672e-09,7.204191909693236e-09,0.012313654407705177,0.02813940029591322,-0.00032001841866047265,0.007407407407407408,0.037037037037037035,0.04063844129329663,68.0,0.5,1.807003620809174e-20,xp2,0.25,450
1,time_residual_eeg_ridge,calib0.25_time_resid,3772,810,32,16,0.011026328582374845,0.011543694417923689,0.0143994816082363,0.005458460422232747,-0.4609358307399323,0.006172839506172839,0.03950617283950617,0.042170204236981645,67.5,0.5100147411092685,0.012230711241124867,xp2,0.25,450
1,time_residual_shifted_null,calib0.25_time_resid,3772,810,32,16,0.007729722609838063,0.009624023456126451,-0.0075547562191157925,-0.020897955633699894,-0.6230691741372103,0.003703703703703704,0.037037037037037035,0.03843991456584208,69.0,0.49932743688962594,-0.000981801388292605,xp2,0.25,450
1,time_residual_mean,calib0.25_time_resid,3772,810,32,16,-1.3190908587645821e-09,-6.125088214403718e-10,-0.005001271168096278,0.003364717005752027,-0.0007651017232570556,0.007407407407407408,0.037037037037037035,0.040638441293296634,68.0,0.5,-1.0119220276531375e-18,xp2,0.25,450
2,real_eeg_ridge,calib0.25,3772,810,32,16,-0.0024719230423215777,-0.005758252460509539,0.020987434364773728,0.018330966122448444,-0.4105212891699661,0.006172839506172839,0.03827160493827161,0.04221940665036744,65.0,0.5184355997788834,0.02232144849582317,xp2,0.25,450
2,shifted_null_ridge,calib0.25,3772,810,32,16,0.006854599427242647,-0.0012919949658680707,0.016862307355476343,0.03128881938755512,-0.5392969548941946,0.011111111111111112,0.04567901234567901,0.04750606138233009,62.0,0.5233554449972361,0.028508500503379025,xp2,0.25,450
2,time_only_ridge,calib0.25,3772,810,32,16,0.027938620471104514,0.03647736832499504,0.057468575964405855,0.06302201375365257,0.002248055335746235,0.012345679012345678,0.03950617283950617,0.046381601027613406,61.0,0.5313524967753823,0.04122503936623839,xp2,0.25,450
2,train_mean,calib0.25,3772,810,32,16,3.564316437237076e-09,3.622861122209997e-09,0.007023084479208783,0.009131854865700006,-0.00032110099201054787,0.007407407407407408,0.037037037037037035,0.040638441293296634,68.0,0.5,5.240310500346604e-19,xp2,0.25,450
2,time_residual_eeg_ridge,calib0.25_time_resid,3772,810,32,16,-0.004065451241331175,-0.00899860286153853,0.012187992606921421,0.013711623847484589,-0.39872884320726976,0.008641975308641974,0.03333333333333333,0.041523998703626094,65.5,0.5069928137092317,0.011026711390362431,xp2,0.25,450
2,time_residual_shifted_null,calib0.25_time_resid,3772,810,32,16,0.011562353549379623,1.6203324776142836e-05,-0.006334840685178031,-0.009594491682946682,-0.4210572700456685,0.008641975308641974,0.04197530864197531,0.04131745529154339,69.0,0.4901418831767091,-0.00789761133445231,xp2,0.25,450
2,time_residual_mean,calib0.25_time_resid,3772,810,32,16,-3.987038088570927e-09,-2.254282094327209e-09,0.0009603207169192624,0.014074810780584812,-0.0002492578437927051,0.007407407407407408,0.037037037037037035,0.040638441293296634,68.0,0.5,1.709877176190681e-18,xp2,0.25,450
3,real_eeg_ridge,calib0.25,3999,675,32,16,0.018849914138627355,0.008751002606004477,0.02946074794874423,0.03908596560359001,-0.33116153612752774,0.007407407407407408,0.04148148148148148,0.0425365878226539,64.0,0.5199336650082919,0.015301762694122884,xp2,0.25,375
3,shifted_null_ridge,calib0.25,3999,675,32,16,-0.034360677180302446,-0.037519972771406174,-0.004816186533964894,-0.013940311037003994,-0.32363119755651404,0.005925925925925926,0.044444444444444446,0.04156365709669923,71.0,0.494383637368712,-0.005933374468210987,xp2,0.25,375
3,time_only_ridge,calib0.25,3999,675,32,16,0.01723269681679085,0.022771291434764862,0.056006266325712206,0.05344114825129509,-0.001250800386945583,0.007407407407407408,0.025185185185185185,0.0388465638042445,64.0,0.5207739082365948,0.026477182613898788,xp2,0.25,375
3,train_mean,calib0.25,3999,675,32,16,-3.799518067692221e-09,0.0,0.050155553631656975,0.06798579543828964,-0.0009404001387522953,0.007407407407407408,0.037037037037037035,0.040638441293296634,68.0,0.5,0.0,xp2,0.25,375
3,time_residual_eeg_ridge,calib0.25_time_resid,3999,675,32,16,0.01725072659064608,0.006903479574248195,0.024570154930309705,0.030053595080971718,-0.3128395066423042,0.007407407407407408,0.04296296296296296,0.04228263578882439,64.0,0.5196462133775567,0.017921291061833166,xp2,0.25,375
3,time_residual_shifted_null,calib0.25_time_resid,3999,675,32,16,-0.007504198025344522,-0.012214838061481714,-0.007796491476754589,-0.014476550742983818,-0.3298535784023866,0.002962962962962963,0.01925925925925926,0.03403019198337421,71.0,0.48822553897180765,-0.009166322467497368,xp2,0.25,375
3,time_residual_mean,calib0.25_time_resid,3999,675,32,16,4.596384828303712e-09,3.5342271331728625e-09,0.008476940592302492,-0.0022678745444864035,-0.00020360099655158947,0.007407407407407408,0.037037037037037035,0.040638441293296634,68.0,0.5,-4.336808689942018e-20,xp2,0.25,375
1,real_eeg_ridge,calib0.3,3862,810,32,16,0.018311416280113235,0.015620458871126175,0.045733017314970634,0.03962724283337593,-0.5161991880539392,0.007407407407407408,0.044444444444444446,0.04506007483938027,67.0,0.5129261101897918,0.015170949662384789,xp2,0.3,540
1,shifted_null_ridge,calib0.3,3862,810,32,16,0.0053993886372722955,0.004118516109883785,0.003384344839350102,-0.016390707343816757,-0.6540134762723551,0.0049382716049382715,0.037037037037037035,0.03978545363015747,67.0,0.5053712916896996,0.006462759763651048,xp2,0.3,540
1,time_only_ridge,calib0.3,3862,810,32,16,0.021284033813572023,0.008820123039186,0.05776315586908036,0.05976288206875324,-0.0006528107701329056,0.0049382716049382715,0.03209876543209877,0.03895883973706607,62.5,0.5220748111295376,0.03407111899691146,xp2,0.3,540
1,train_mean,calib0.3,3862,810,32,16,2.162452106269086e-09,6.667433272156131e-11,0.028980277872207447,0.04824739880859852,-0.00024303088316024457,0.007407407407407408,0.037037037037037035,0.040638441293296634,68.0,0.5,0.0,xp2,0.3,540
1,time_residual_eeg_ridge,calib0.3_time_resid,3862,810,32,16,0.016163752898137318,0.01356776524335146,0.018054345533119538,-0.008477990748360753,-0.5120995462968714,0.011111111111111112,0.04567901234567901,0.04777965461260954,68.0,0.5116731159019716,0.014185561292839226,xp2,0.3,540
1,time_residual_shifted_null,calib0.3_time_resid,3862,810,32,16,-0.014146979843644658,-0.02141488716006279,-0.028243769419646857,-0.023090429604053497,-0.5259636866676192,0.008641975308641974,0.02962962962962963,0.03797905372144326,71.0,0.48386769854431544,-0.02218717285666502,xp2,0.3,540
1,time_residual_mean,calib0.3_time_resid,3862,810,32,16,2.851371065185996e-09,1.6287025061956228e-09,0.01176991707984542,0.012189488392323256,-0.0007637719622439754,0.007407407407407408,0.037037037037037035,0.040638441293296634,68.0,0.5,4.04768811061255e-18,xp2,0.3,540
2,real_eeg_ridge,calib0.3,3862,810,32,16,-0.00027956497797276825,-0.0027969639049842954,0.0341437748124547,0.04881378635764122,-0.34722891629042385,0.007407407407407408,0.03950617283950617,0.04206053411557859,63.0,0.5196609544868251,0.0245655994773558,xp2,0.3,540
2,shifted_null_ridge,calib0.3,3862,810,32,16,0.011325979387947882,0.01912647020071745,0.013094147771918847,0.02609387505799532,-0.39385760459700325,0.007407407407407408,0.04197530864197531,0.043022639216792544,64.0,0.5101805785885387,0.013773519069081572,xp2,0.3,540
2,time_only_ridge,calib0.3,3862,810,32,16,0.02886434963102147,0.0294473459944129,0.055172594385595276,0.06549045443534851,0.002652627320782419,0.009876543209876543,0.0345679012345679,0.045370848589012164,60.0,0.5354155150175051,0.04567039648891593,xp2,0.3,540
2,train_mean,calib0.3,3862,810,32,16,-2.8155854711212467e-09,-1.3320867742194764e-09,0.008467459633808445,0.01662120409309864,-0.00022511805967884158,0.007407407407407408,0.037037037037037035,0.040638441293296634,68.0,0.5,-5.782411586589357e-19,xp2,0.3,540
2,time_residual_eeg_ridge,calib0.3_time_resid,3862,810,32,16,-0.0022194015837158076,-0.006882076384499669,0.014605675837377437,0.02275838702917099,-0.33977148684148495,0.0024691358024691358,0.02962962962962963,0.03682450016590871,66.0,0.5116132301455685,0.012198117491686202,xp2,0.3,540
2,time_residual_shifted_null,calib0.3_time_resid,3862,810,32,16,-0.00905183305440005,-0.006441207602620125,-0.004127780848585521,-0.011530841700732708,-0.3886727279356581,0.0024691358024691358,0.03333333333333333,0.03659868074069156,67.0,0.5014833241201401,0.005580890629113751,xp2,0.3,540
2,time_residual_mean,calib0.3_time_resid,3862,810,32,16,-8.879243636646569e-09,-8.434279719082838e-09,0.005871499615274427,0.018638964742422104,-0.0002552284116135173,0.007407407407407408,0.037037037037037035,0.040638441293296634,68.0,0.5,3.469446951953614e-18,xp2,0.3,540
3,real_eeg_ridge,calib0.3,4074,675,32,16,0.01937275797536131,0.012505297549068928,0.03412182273334582,0.045452479273080826,-0.32254243239474323,0.008888888888888889,0.04,0.04287838988963948,63.0,0.5205196241017137,0.019108936533667735,xp2,0.3,450
3,shifted_null_ridge,calib0.3,4074,675,32,16,-0.015115705515199807,-0.016978872008621693,-0.0149396667434323,-0.01251443475484848,-0.2999756488089649,0.005925925925925926,0.03259259259259259,0.0399568469336883,70.0,0.48414593698175784,-0.018739338442285636,xp2,0.3,450
3,time_only_ridge,calib0.3,4074,675,32,16,0.020571483692037873,0.025941808708012104,0.05516677094968381,0.05395098775625229,-0.0012363844605467467,0.007407407407407408,0.03111111111111111,0.03996637960431091,64.0,0.5211166390270867,0.02675606914488764,xp2,0.3,450
3,train_mean,calib0.3,4074,675,32,16,4.679137299845593e-09,1.6283749071366316e-09,-0.030052818827917455,-0.036252427846193314,-0.0008732980222212472,0.007407407407407408,0.037037037037037035,0.040638441293296634,68.0,0.5,-1.7347234759768072e-19,xp2,0.3,450
3,time_residual_eeg_ridge,calib0.3_time_resid,4074,675,32,16,0.01753987104166299,0.01031173299998045,0.029477348155945677,0.04213535040616989,-0.2958545090263174,0.007407407407407408,0.03851851851851852,0.041143365739472686,63.0,0.5262907683803206,0.023242577283467118,xp2,0.3,450
3,time_residual_shifted_null,calib0.3_time_resid,4074,675,32,16,0.015252852180310583,0.015956047922372818,0.02031327812445212,0.02936631254851818,-0.3023356270125115,0.005925925925925926,0.04148148148148148,0.040513911588141924,67.0,0.5131785516860143,0.011781481894284965,xp2,0.3,450
3,time_residual_mean,calib0.3_time_resid,4074,675,32,16,-4.2056549909297303e-10,-2.213834560116368e-09,-0.0019986670905793153,0.00805007666349411,-0.0002041163545545288,0.007407407407407408,0.037037037037037035,0.040638441293296634,68.0,0.5,-2.278179814935166e-18,xp2,0.3,450
1,real_eeg_ridge,calib0.35,3952,810,32,16,0.01865114786050981,0.018530607223510742,0.04645762706833112,0.030726897530257702,-0.4378223385726119,0.012345679012345678,0.04938271604938271,0.04823314535690701,66.5,0.514354155150175,0.016294211550925017,xp2,0.35,630
1,shifted_null_ridge,calib0.35,3952,810,32,16,-0.01686810403589334,-0.010631904937326908,0.03514292951786089,0.045387886464595795,-0.5467892434022994,0.0049382716049382715,0.03209876543209877,0.037723015180696665,66.0,0.5012069283213562,-0.005349337193447798,xp2,0.35,630
1,time_only_ridge,calib0.35,3952,810,32,16,0.020078511279280065,0.010989383794367313,0.06009711097770681,0.0656169131398201,-0.0007901411850703699,0.006172839506172839,0.030864197530864196,0.04020418928718369,62.0,0.5219458264234383,0.033714718656894786,xp2,0.35,630
1,train_mean,calib0.35,3952,810,32,16,2.0604913834182392e-09,2.0585438909037634e-10,0.05142929981129221,0.06399568170309067,-0.0002559734226286192,0.007407407407407408,0.037037037037037035,0.040638441293296634,68.0,0.5,-1.1564823173178713e-18,xp2,0.35,630
1,time_residual_eeg_ridge,calib0.35_time_resid,3952,810,32,16,0.01662719700107118,0.018517738208174706,0.012775050469618118,-0.012446592096239328,-0.4440835147641049,0.012345679012345678,0.043209876543209874,0.04653809281337138,69.0,0.5062926110189793,0.010981589916819605,xp2,0.35,630
1,time_residual_shifted_null,calib0.35_time_resid,3952,810,32,16,0.0032792391841667268,0.0023472897191822995,-0.010867747562390574,-0.009604984428733587,-0.6948006647082869,0.0049382716049382715,0.0345679012345679,0.037983855255913086,69.0,0.49725446839874704,-0.00400440700050916,xp2,0.35,630
1,time_residual_mean,calib0.35_time_resid,3952,810,32,16,2.448428392571549e-09,1.4422198435504185e-09,-0.005229480291485361,-0.0010486140381544828,-0.000768119858729932,0.007407407407407408,0.037037037037037035,0.040638441293296634,68.0,0.5,-6.2341624917916505e-19,xp2,0.35,630
2,real_eeg_ridge,calib0.35,3952,810,32,16,0.012387726455926895,0.003108235541731119,0.029894921567361444,0.02452032547444105,-0.3166411873724715,0.0049382716049382715,0.04691358024691358,0.043926873395047576,63.0,0.5264602911369081,0.031059089757255003,xp2,0.35,630
2,shifted_null_ridge,calib0.35,3952,810,32,16,-0.01489852111444634,-0.01316142687574029,-0.024994347872856405,-0.01886086631566286,-0.3693153436683263,0.0049382716049382715,0.028395061728395062,0.03487223197922288,70.0,0.484696885940667,-0.015149580844481647,xp2,0.35,630
2,time_only_ridge,calib0.35,3952,810,32,16,0.029795816117257345,0.02441411279141903,0.06406259405696879,0.0711640752851963,0.0031756930944696338,0.006172839506172839,0.04197530864197531,0.044263435778603956,59.5,0.534383637368712,0.04654592938955865,xp2,0.35,630
2,train_mean,calib0.35,3952,810,32,16,1.7757348882985192e-09,4.18371101651438e-09,-0.026537774171860585,-0.024467631243169308,-0.00038237216208836244,0.007407407407407408,0.037037037037037035,0.040638441293296634,68.0,0.5,0.0,xp2,0.35,630
2,time_residual_eeg_ridge,calib0.35_time_resid,3952,810,32,16,0.01018331924569793,0.0007255696691572666,0.015370540366379436,0.026737302541732788,-0.31139035336864707,0.0049382716049382715,0.03827160493827161,0.04041449512530598,65.0,0.5144647134696886,0.01592794713585236,xp2,0.35,630
2,time_residual_shifted_null,calib0.35_time_resid,3952,810,32,16,-0.0004707320149464067,-0.003549056826159358,-0.0036519538405290976,0.014578636270016432,-0.36293016548069423,0.003703703703703704,0.04197530864197531,0.039855274222433214,66.0,0.50530679933665,0.0007620734465622279,xp2,0.35,630
2,time_residual_mean,calib0.35_time_resid,3952,810,32,16,8.033907076635908e-10,-4.838978662213833e-10,-0.006134590970470055,-0.006082682870328426,-0.0002677966000161902,0.007407407407407408,0.037037037037037035,0.04063844129329665,68.0,0.5,-2.8912057932946783e-19,xp2,0.35,630
3,real_eeg_ridge,calib0.35,4149,675,32,16,0.027175511532732344,0.022852658294141293,0.039638687927934506,0.04932035133242607,-0.36948670369373104,0.007407407407407408,0.037037037037037035,0.04166959791710602,63.0,0.5232946379215037,0.023576477688910892,xp2,0.35,525
3,shifted_null_ridge,calib0.35,4149,675,32,16,-0.01417599401793268,-0.017671762965619564,0.04025295075697445,0.040337711572647095,-0.24998490093567938,0.007407407407407408,0.035555555555555556,0.03941798355446553,65.0,0.5036705362078496,0.010542514360178511,xp2,0.35,525
3,time_only_ridge,calib0.35,4149,675,32,16,0.017378630065650214,0.025665266439318657,0.055490261398738736,0.0511498898267746,-0.0013638317632922448,0.008888888888888889,0.034074074074074076,0.041011055455484766,64.0,0.5202100608070758,0.026569775860647644,xp2,0.35,525
3,train_mean,calib0.35,4149,675,32,16,-3.1979997330844334e-09,-2.885677752306748e-09,0.0019975745013410535,0.011679128743708134,-0.0009649355524015135,0.007407407407407408,0.037037037037037035,0.040638441293296634,68.0,0.5,-8.673617379884036e-20,xp2,0.35,525
3,time_residual_eeg_ridge,calib0.35_time_resid,4149,675,32,16,0.025678454163426068,0.01960794348269701,0.036319137053753905,0.05253732204437256,-0.34192423158833285,0.008888888888888889,0.04,0.0414946095535614,63.0,0.5243670536207848,0.026046950257456524,xp2,0.35,525
3,time_residual_shifted_null,calib0.35_time_resid,4149,675,32,16,0.0018892712905653752,0.005433259066194296,0.008320261678934373,0.024639226496219635,-0.3207503789179822,0.01037037037037037,0.02666666666666667,0.04132003239118877,63.0,0.5151464897733555,0.011316168567618317,xp2,0.35,525
3,time_residual_mean,calib0.35_time_resid,4149,675,32,16,1.1873459376193156e-09,2.5234960787656746e-09,-0.011393622573652666,0.001375478459522128,-0.0002069751278286347,0.007407407407407408,0.037037037037037035,0.04063844129329664,68.0,0.5,1.2143064331837649e-18,xp2,0.35,525
