dataset,control,split,fold,n_train,n_test,n_classes,score_name,score,chance,aux_name,aux_score,interpretation
affective,subject_id_from_eeg,within_run_block,1,13245,5253,21,balanced_accuracy,0.9678787473076743,0.047619047619047616,accuracy,0.9672568056348753,above_chance
affective,run_id_from_eeg,within_run_block,1,13245,5253,21,balanced_accuracy,0.9678787473076743,0.047619047619047616,accuracy,0.9672568056348753,above_chance
affective,time_bin_from_eeg,within_run_block,1,13245,5253,8,balanced_accuracy,0.11520301672462882,0.125,accuracy,0.11403007805063774,near_chance
affective,time_frac_from_eeg,within_run_block,1,13245,5253,1,corr,0.2835861536645315,0.0,r2,0.03439599275588989,above_chance
affective,subject_id_from_eeg,within_run_block,2,13377,5161,21,balanced_accuracy,0.9717497775904855,0.047619047619047616,accuracy,0.9711296260414648,above_chance
affective,run_id_from_eeg,within_run_block,2,13377,5161,21,balanced_accuracy,0.9717497775904855,0.047619047619047616,accuracy,0.9711296260414648,above_chance
affective,time_bin_from_eeg,within_run_block,2,13377,5161,8,balanced_accuracy,0.13003892536229236,0.125,accuracy,0.13447006394109667,near_chance
affective,time_frac_from_eeg,within_run_block,2,13377,5161,1,corr,0.329580408395451,0.0,r2,0.09362393617630005,above_chance
affective,subject_id_from_eeg,within_run_block,3,13405,5125,21,balanced_accuracy,0.9664434499312167,0.047619047619047616,accuracy,0.9660487804878048,above_chance
affective,run_id_from_eeg,within_run_block,3,13405,5125,21,balanced_accuracy,0.9664434499312167,0.047619047619047616,accuracy,0.9660487804878048,above_chance
affective,time_bin_from_eeg,within_run_block,3,13405,5125,8,balanced_accuracy,0.13321998490989959,0.125,accuracy,0.13931707317073172,near_chance
affective,time_frac_from_eeg,within_run_block,3,13405,5125,1,corr,0.26065056917823254,0.0,r2,0.02994978427886963,above_chance
affective,time_bin_from_eeg,subject_heldout,1,13007,6499,8,balanced_accuracy,0.1708076770912711,0.125,accuracy,0.17125711647945838,weak
affective,time_frac_from_eeg,subject_heldout,1,13007,6499,1,corr,0.26150910996398025,0.0,r2,-0.23175334930419922,above_chance
affective,time_bin_from_eeg,subject_heldout,2,13001,6505,8,balanced_accuracy,0.16076023619127067,0.125,accuracy,0.16079938508839353,weak
affective,time_frac_from_eeg,subject_heldout,2,13001,6505,1,corr,0.13442513390485814,0.0,r2,-0.22315871715545654,weak
affective,time_bin_from_eeg,subject_heldout,3,13004,6502,8,balanced_accuracy,0.1709504137208378,0.125,accuracy,0.1708705013841895,weak
affective,time_frac_from_eeg,subject_heldout,3,13004,6502,1,corr,0.1477518477413073,0.0,r2,-0.1436372995376587,weak
affective,temporal_autocorr_lag1,no_train,0,0,19485,1,lag_cosine,0.8573157364047105,0.42197451049404,lag_minus_random,0.4353412259106705,temporally_smooth
affective,temporal_autocorr_lag4,no_train,0,0,19422,1,lag_cosine,0.5533884325744859,0.42225281817280197,lag_minus_random,0.13113561440168392,temporally_smooth
affective,temporal_autocorr_lag16,no_train,0,0,19170,1,lag_cosine,0.5161463296515219,0.4210464934900846,lag_minus_random,0.09509983616143725,temporally_smooth
affective,temporal_autocorr_lag64,no_train,0,0,18162,1,lag_cosine,0.48604950911029116,0.42220561276640534,lag_minus_random,0.06384389634388582,temporally_smooth
sleep,subject_id_from_eeg,within_run_block,1,6775,2034,33,balanced_accuracy,0.9711174242424242,0.030303030303030304,accuracy,0.9700098328416913,above_chance
sleep,run_id_from_eeg,within_run_block,1,6775,2034,33,balanced_accuracy,0.9711174242424242,0.030303030303030304,accuracy,0.9700098328416913,above_chance
sleep,time_bin_from_eeg,within_run_block,1,6775,2034,8,balanced_accuracy,0.05313896153427045,0.125,accuracy,0.04031465093411996,near_chance
sleep,time_frac_from_eeg,within_run_block,1,6775,2034,1,corr,0.08905032092469596,0.0,r2,-0.283528208732605,weak
sleep,subject_id_from_eeg,within_run_block,2,7050,1839,33,balanced_accuracy,0.8953598484848485,0.030303030303030304,accuracy,0.879825992387167,above_chance
sleep,run_id_from_eeg,within_run_block,2,7050,1839,33,balanced_accuracy,0.8953598484848485,0.030303030303030304,accuracy,0.879825992387167,above_chance
sleep,time_bin_from_eeg,within_run_block,2,7050,1839,8,balanced_accuracy,0.06383623814183359,0.125,accuracy,0.09951060358890701,near_chance
sleep,time_frac_from_eeg,within_run_block,2,7050,1839,1,corr,0.2513226861979436,0.0,r2,-0.030816316604614258,above_chance
sleep,subject_id_from_eeg,within_run_block,3,7112,1761,33,balanced_accuracy,0.9621212121212122,0.030303030303030304,accuracy,0.9545712663259511,above_chance
sleep,run_id_from_eeg,within_run_block,3,7112,1761,33,balanced_accuracy,0.9621212121212122,0.030303030303030304,accuracy,0.9545712663259511,above_chance
sleep,time_bin_from_eeg,within_run_block,3,7112,1761,8,balanced_accuracy,0.07194811246246463,0.125,accuracy,0.08517887563884156,near_chance
sleep,time_frac_from_eeg,within_run_block,3,7112,1761,1,corr,0.10463638415279697,0.0,r2,-0.15900468826293945,weak
sleep,time_bin_from_eeg,subject_heldout,1,6182,3091,8,balanced_accuracy,0.16098484848484848,0.125,accuracy,0.16175994823681655,weak
sleep,time_frac_from_eeg,subject_heldout,1,6182,3091,1,corr,0.04079838964203218,0.0,r2,-1.278709888458252,near_chance
sleep,time_bin_from_eeg,subject_heldout,2,6182,3091,8,balanced_accuracy,0.16452020202020204,0.125,accuracy,0.16596570689097379,weak
sleep,time_frac_from_eeg,subject_heldout,2,6182,3091,1,corr,0.13339748438607343,0.0,r2,-0.7935769557952881,weak
sleep,time_bin_from_eeg,subject_heldout,3,6182,3091,8,balanced_accuracy,0.17862554112554113,0.125,accuracy,0.17987706243934,weak
sleep,time_frac_from_eeg,subject_heldout,3,6182,3091,1,corr,0.240307655330939,0.0,r2,-2.575751781463623,above_chance
sleep,temporal_autocorr_lag1,no_train,0,0,9240,1,lag_cosine,0.9526054382563979,0.7970697734289035,lag_minus_random,0.15553566482749437,temporally_smooth
sleep,temporal_autocorr_lag4,no_train,0,0,9141,1,lag_cosine,0.934702149787383,0.7876150722574303,lag_minus_random,0.14708707752995265,temporally_smooth
sleep,temporal_autocorr_lag16,no_train,0,0,8745,1,lag_cosine,0.8939170386015916,0.7863954873589452,lag_minus_random,0.1075215512426464,temporally_smooth
sleep,temporal_autocorr_lag64,no_train,0,0,7161,1,lag_cosine,0.8378718551953869,0.7977260144108567,lag_minus_random,0.04014584078453021,weak
natview_neurostorm,subject_id_from_eeg,within_run_block,1,4116,1369,22,balanced_accuracy,0.9495738636363636,0.045454545454545456,accuracy,0.9481373265157049,above_chance
natview_neurostorm,run_id_from_eeg,within_run_block,1,4116,1369,22,balanced_accuracy,0.9488636363636364,0.045454545454545456,accuracy,0.9474068663257852,above_chance
natview_neurostorm,time_bin_from_eeg,within_run_block,1,4116,1369,8,balanced_accuracy,0.0490658438231986,0.125,accuracy,0.04894083272461651,near_chance
natview_neurostorm,time_frac_from_eeg,within_run_block,1,4116,1369,1,corr,-0.5027534938053928,0.0,r2,-0.6201236248016357,above_chance
natview_neurostorm,subject_id_from_eeg,within_run_block,2,4247,1270,22,balanced_accuracy,0.9637152777777778,0.045454545454545456,accuracy,0.9614173228346456,above_chance
natview_neurostorm,run_id_from_eeg,within_run_block,2,4247,1270,22,balanced_accuracy,0.961758207070707,0.045454545454545456,accuracy,0.9582677165354331,above_chance
natview_neurostorm,time_bin_from_eeg,within_run_block,2,4247,1270,8,balanced_accuracy,0.0372759007939225,0.125,accuracy,0.03622047244094488,near_chance
natview_neurostorm,time_frac_from_eeg,within_run_block,2,4247,1270,1,corr,-0.4606842329937881,0.0,r2,-0.5197436809539795,above_chance
natview_neurostorm,subject_id_from_eeg,within_run_block,3,4254,1255,22,balanced_accuracy,0.9559659090909091,0.045454545454545456,accuracy,0.950597609561753,above_chance
natview_neurostorm,run_id_from_eeg,within_run_block,3,4254,1255,22,balanced_accuracy,0.9559659090909091,0.045454545454545456,accuracy,0.950597609561753,above_chance
natview_neurostorm,time_bin_from_eeg,within_run_block,3,4254,1255,8,balanced_accuracy,0.05988587154249794,0.125,accuracy,0.06374501992031872,near_chance
natview_neurostorm,time_frac_from_eeg,within_run_block,3,4254,1255,1,corr,-0.30524292711783124,0.0,r2,-0.519889235496521,above_chance
natview_neurostorm,time_bin_from_eeg,subject_heldout,1,3613,2198,8,balanced_accuracy,0.13446579382471402,0.125,accuracy,0.13466787989080983,near_chance
natview_neurostorm,time_frac_from_eeg,subject_heldout,1,3613,2198,1,corr,0.03087042661050291,0.0,r2,-0.08086097240447998,near_chance
natview_neurostorm,time_bin_from_eeg,subject_heldout,2,4090,1721,8,balanced_accuracy,0.12435675347421682,0.125,accuracy,0.12492736780941313,near_chance
natview_neurostorm,time_frac_from_eeg,subject_heldout,2,4090,1721,1,corr,0.05338725348829208,0.0,r2,-0.06211733818054199,weak
natview_neurostorm,time_bin_from_eeg,subject_heldout,3,3919,1892,8,balanced_accuracy,0.13571368082854662,0.125,accuracy,0.13583509513742073,near_chance
natview_neurostorm,time_frac_from_eeg,subject_heldout,3,3919,1892,1,corr,-0.016807795385663498,0.0,r2,-0.16871416568756104,near_chance
natview_neurostorm,temporal_autocorr_lag1,no_train,0,0,5789,1,lag_cosine,0.6684455872259197,0.4444127100688712,lag_minus_random,0.22403287715704856,temporally_smooth
natview_neurostorm,temporal_autocorr_lag4,no_train,0,0,5723,1,lag_cosine,0.5266942538997081,0.4415326969330887,lag_minus_random,0.08516155696661942,temporally_smooth
natview_neurostorm,temporal_autocorr_lag16,no_train,0,0,5459,1,lag_cosine,0.4890508501685819,0.44360413687759176,lag_minus_random,0.04544671329099015,weak
natview_neurostorm,temporal_autocorr_lag64,no_train,0,0,4403,1,lag_cosine,0.4471489591030104,0.440443889428218,lag_minus_random,0.006705069674792397,near_random
