dataset,fold,model,n_train,n_test,test_subjects,roi_corr_mean,roi_corr_median,roi_corr_positive_frac,spatial_corr_mean,spatial_corr_median,r2_uniform,r2_variance_weighted
Affective_music_listening_OpenNeuro_ds002725,1,train_mean,2000,1000,sub-05 sub-08 sub-11 sub-13 sub-17 sub-18 sub-19,-4.338795116730841e-09,-5.661099811149484e-09,0.2,0.006381625957059441,0.00013549127470469102,-0.0009721613023430109,-0.0009644763777032495
Affective_music_listening_OpenNeuro_ds002725,1,time_ridge,2000,1000,sub-05 sub-08 sub-11 sub-13 sub-17 sub-18 sub-19,0.023085449316422455,0.024070480838418007,0.84,0.006419882211164804,-0.00021390255278674886,-0.0008987176697701216,-0.000891003874130547
Affective_music_listening_OpenNeuro_ds002725,1,eeg_bandpower_ridge,2000,1000,sub-05 sub-08 sub-11 sub-13 sub-17 sub-18 sub-19,0.008723557019839063,0.007973878178745508,0.63,0.010731139468101902,0.019880064763128757,-1.2827322483062744,-1.2764173746109009
Affective_music_listening_OpenNeuro_ds002725,1,eeg_bandpower_shifted_null,2000,1000,sub-05 sub-08 sub-11 sub-13 sub-17 sub-18 sub-19,0.0008732074982253835,0.0037906989455223083,0.56,0.002158731885581801,0.007024066289886832,-0.5417848825454712,-0.5428606271743774
Affective_music_listening_OpenNeuro_ds002725,2,train_mean,2001,999,sub-01 sub-02 sub-03 sub-06 sub-07 sub-12 sub-16,-9.972790615542238e-10,-1.9665304940019723e-09,0.31,0.012141643597478597,0.010921155102550983,-0.00154682039283216,-0.0015496405540034175
Affective_music_listening_OpenNeuro_ds002725,2,time_ridge,2001,999,sub-01 sub-02 sub-03 sub-06 sub-07 sub-12 sub-16,0.005306694538448937,0.005954438587650657,0.61,0.011017415987234935,0.004354729782789946,-0.0015418254770338535,-0.00154530955478549
Affective_music_listening_OpenNeuro_ds002725,2,eeg_bandpower_ridge,2001,999,sub-01 sub-02 sub-03 sub-06 sub-07 sub-12 sub-16,0.029866809501545504,0.032626790925860405,0.84,0.0005683490445764139,-0.0015980333555489779,-0.293057382106781,-0.29267358779907227
Affective_music_listening_OpenNeuro_ds002725,2,eeg_bandpower_shifted_null,2001,999,sub-01 sub-02 sub-03 sub-06 sub-07 sub-12 sub-16,-0.014374776042823214,-0.0202696705237031,0.29,-0.006466332399852674,-0.01609683968126774,-0.2998361885547638,-0.3001571595668793
Affective_music_listening_OpenNeuro_ds002725,3,train_mean,1999,1001,sub-04 sub-09 sub-10 sub-14 sub-15 sub-20 sub-21,-7.120519861236741e-10,-5.689928528340715e-10,0.36,0.006439389096704326,0.014781042002141476,-0.0031426132190972567,-0.003102694172412157
Affective_music_listening_OpenNeuro_ds002725,3,time_ridge,1999,1001,sub-04 sub-09 sub-10 sub-14 sub-15 sub-20 sub-21,0.016028897174328448,0.01328464737161994,0.76,0.006623151420536123,0.012783842161297798,-0.0030919271521270275,-0.0030508560594171286
Affective_music_listening_OpenNeuro_ds002725,3,eeg_bandpower_ridge,1999,1001,sub-04 sub-09 sub-10 sub-14 sub-15 sub-20 sub-21,0.002319511177483946,0.002871031523682177,0.54,0.004011240984262251,0.0018721166998147964,-0.5885608196258545,-0.5905932784080505
Affective_music_listening_OpenNeuro_ds002725,3,eeg_bandpower_shifted_null,1999,1001,sub-04 sub-09 sub-10 sub-14 sub-15 sub-20 sub-21,0.004418157062900718,0.0036379729863256216,0.55,0.007907149604706374,0.007406981196254492,-0.35844993591308594,-0.3566063642501831
Motor_imagery_neurofeedback_XP2_OpenNeuro_ds002338,1,train_mean,1939,1061,sub-xp203 sub-xp205 sub-xp207 sub-xp210 sub-xp218 sub-xp219,-6.331688643176367e-10,0.0,0.3103448275862069,-0.005537774816580223,-0.018912596628069878,-0.00043865456245839596,-0.0004296319675631821
Motor_imagery_neurofeedback_XP2_OpenNeuro_ds002338,1,time_ridge,1939,1061,sub-xp203 sub-xp205 sub-xp207 sub-xp210 sub-xp218 sub-xp219,0.04549583070777656,0.03829784318804741,0.8620689655172413,0.01916102061355537,0.02015969529747963,-0.004920360166579485,-0.0048437947407364845
Motor_imagery_neurofeedback_XP2_OpenNeuro_ds002338,1,eeg_bandpower_ridge,1939,1061,sub-xp203 sub-xp205 sub-xp207 sub-xp210 sub-xp218 sub-xp219,0.006738869502274694,0.008213432505726814,0.5862068965517241,-0.01678552347196828,-0.020775826647877693,-2.1101813316345215,-2.1261935234069824
Motor_imagery_neurofeedback_XP2_OpenNeuro_ds002338,1,eeg_bandpower_shifted_null,1939,1061,sub-xp203 sub-xp205 sub-xp207 sub-xp210 sub-xp218 sub-xp219,-0.0010204285288887933,-0.0011116579407826066,0.45977011494252873,-0.003511796598610162,-0.005336353555321693,-1.2292219400405884,-1.2187857627868652
Motor_imagery_neurofeedback_XP2_OpenNeuro_ds002338,2,train_mean,1943,1057,sub-xp201 sub-xp202 sub-xp213 sub-xp216 sub-xp217 sub-xp222,-1.446324521887685e-09,-2.0781589782359333e-09,0.25555555555555554,0.0017425474059602154,-0.012216687202453613,-0.0004150655586272478,-0.0004174817295279354
Motor_imagery_neurofeedback_XP2_OpenNeuro_ds002338,2,time_ridge,1943,1057,sub-xp201 sub-xp202 sub-xp213 sub-xp216 sub-xp217 sub-xp222,0.05467307916567531,0.05338532663881779,0.8111111111111111,0.023435581948426654,0.03719368577003479,-0.0009657442569732666,-0.0009243730455636978
Motor_imagery_neurofeedback_XP2_OpenNeuro_ds002338,2,eeg_bandpower_ridge,1943,1057,sub-xp201 sub-xp202 sub-xp213 sub-xp216 sub-xp217 sub-xp222,0.015283699522519277,0.01548027154058218,0.8222222222222222,-0.026555496852208992,-0.021852731704711914,-1.747529149055481,-1.752681016921997
Motor_imagery_neurofeedback_XP2_OpenNeuro_ds002338,2,eeg_bandpower_shifted_null,1943,1057,sub-xp201 sub-xp202 sub-xp213 sub-xp216 sub-xp217 sub-xp222,-0.005624884448479861,-0.004665697226300836,0.4,-0.024480804951889364,-0.024914145469665527,-1.6440715789794922,-1.5853455066680908
Motor_imagery_neurofeedback_XP2_OpenNeuro_ds002338,3,train_mean,2118,882,sub-xp204 sub-xp206 sub-xp211 sub-xp220 sub-xp221,-5.802788064871814e-10,-2.018360367728178e-09,0.3448275862068966,0.008817672568575559,0.007598669035360217,-0.0004940046928822994,-0.0004993235343135893
Motor_imagery_neurofeedback_XP2_OpenNeuro_ds002338,3,time_ridge,2118,882,sub-xp204 sub-xp206 sub-xp211 sub-xp220 sub-xp221,0.057522995975510825,0.05676941201090813,0.8850574712643678,0.0341309390624988,0.034279653802514076,-0.0012752016773447394,-0.0012135825818404555
Motor_imagery_neurofeedback_XP2_OpenNeuro_ds002338,3,eeg_bandpower_ridge,2118,882,sub-xp204 sub-xp206 sub-xp211 sub-xp220 sub-xp221,0.01732417653400408,0.01963605359196663,0.735632183908046,0.03404815850486792,0.029488760977983475,-1.6088367700576782,-1.6167222261428833
Motor_imagery_neurofeedback_XP2_OpenNeuro_ds002338,3,eeg_bandpower_shifted_null,2118,882,sub-xp204 sub-xp206 sub-xp211 sub-xp220 sub-xp221,0.02366543664588946,0.026448212563991547,0.7816091954022989,0.005408953935724343,0.016272476874291897,-1.008958339691162,-1.0127302408218384
Multi_session_EEG_fMRI_experience_sampling_OpenNeuro_ds007216,1,train_mean,2000,1000,sub-008 sub-011 sub-012 sub-013 sub-017 sub-019 sub-021 sub-023,-6.155697732368155e-10,-4.863641156482856e-10,0.33,0.0019606642287053546,-0.0023518794332630932,-0.000667472486384213,-0.0006690830923616886
Multi_session_EEG_fMRI_experience_sampling_OpenNeuro_ds007216,1,time_ridge,2000,1000,sub-008 sub-011 sub-012 sub-013 sub-017 sub-019 sub-021 sub-023,0.08404262871132233,0.06438478827476501,0.79,0.12419481559596898,0.1425056830048561,0.012122465297579765,0.012093430384993553
Multi_session_EEG_fMRI_experience_sampling_OpenNeuro_ds007216,1,eeg_bandpower_ridge,2000,1000,sub-008 sub-011 sub-012 sub-013 sub-017 sub-019 sub-021 sub-023,0.01651345279882662,0.013655699323862791,0.74,0.008483815839940689,0.008288313169032335,-0.6697512865066528,-0.6694977283477783
Multi_session_EEG_fMRI_experience_sampling_OpenNeuro_ds007216,1,eeg_bandpower_shifted_null,2000,1000,sub-008 sub-011 sub-012 sub-013 sub-017 sub-019 sub-021 sub-023,-0.0016709066988551057,-0.0035350184189155698,0.44,-0.008157300580467564,0.0020984652219340205,-1.022977590560913,-1.023388385772705
Multi_session_EEG_fMRI_experience_sampling_OpenNeuro_ds007216,2,train_mean,2000,1000,sub-001 sub-003 sub-005 sub-006 sub-007 sub-016 sub-018 sub-025,-5.516983572263803e-10,-9.371415865544463e-10,0.34,-1.7500227666459976e-05,-0.003062066389247775,-0.0008971738861873746,-0.0008951948257163167
Multi_session_EEG_fMRI_experience_sampling_OpenNeuro_ds007216,2,time_ridge,2000,1000,sub-001 sub-003 sub-005 sub-006 sub-007 sub-016 sub-018 sub-025,0.059816146912053225,0.023479015566408634,0.56,0.11537649502395653,0.11035727337002754,0.007932232692837715,0.007992292754352093
Multi_session_EEG_fMRI_experience_sampling_OpenNeuro_ds007216,2,eeg_bandpower_ridge,2000,1000,sub-001 sub-003 sub-005 sub-006 sub-007 sub-016 sub-018 sub-025,-0.003000153075554408,-0.001042836403939873,0.47,-0.005913437610084657,-0.009368118364363909,-0.6888860464096069,-0.6869134306907654
Multi_session_EEG_fMRI_experience_sampling_OpenNeuro_ds007216,2,eeg_bandpower_shifted_null,2000,1000,sub-001 sub-003 sub-005 sub-006 sub-007 sub-016 sub-018 sub-025,-0.01794222503733181,-0.017260060645639896,0.24,-0.006081167372365599,-0.0011907291191164404,-0.586819589138031,-0.5854782462120056
Multi_session_EEG_fMRI_experience_sampling_OpenNeuro_ds007216,3,train_mean,2000,1000,sub-002 sub-004 sub-009 sub-010 sub-014 sub-015 sub-020 sub-024,3.743283446558928e-10,0.0,0.38,0.0006347950110211968,0.00218262302223593,-0.0005392652819864452,-0.0005409913137555122
Multi_session_EEG_fMRI_experience_sampling_OpenNeuro_ds007216,3,time_ridge,2000,1000,sub-002 sub-004 sub-009 sub-010 sub-014 sub-015 sub-020 sub-024,0.015980482418090105,0.004368253750726581,0.52,0.11020033320051152,0.110493965446949,-0.011944635771214962,-0.01207141112536192
Multi_session_EEG_fMRI_experience_sampling_OpenNeuro_ds007216,3,eeg_bandpower_ridge,2000,1000,sub-002 sub-004 sub-009 sub-010 sub-014 sub-015 sub-020 sub-024,0.009962535017257324,0.010787960607558489,0.65,0.008759913781104842,-0.002707284060306847,-1.1425267457962036,-1.1381224393844604
Multi_session_EEG_fMRI_experience_sampling_OpenNeuro_ds007216,3,eeg_bandpower_shifted_null,2000,1000,sub-002 sub-004 sub-009 sub-010 sub-014 sub-015 sub-020 sub-024,-0.02033950975514017,-0.021792825311422348,0.18,-0.0052176048122346405,-0.0071661570109426975,-0.6172826290130615,-0.6154189109802246
Sleep_rest_EEG_fMRI_OpenNeuro_ds003768,1,train_mean,1999,1001,sub-03 sub-06 sub-08 sub-11 sub-12 sub-18 sub-23 sub-24 sub-27 sub-28 sub-29,1.3808895818674456e-09,2.2403106036961162e-09,0.39,0.0011042270480983562,0.004919527564197779,-0.00046935916179791093,-0.0004680024867411703
Sleep_rest_EEG_fMRI_OpenNeuro_ds003768,1,time_ridge,1999,1001,sub-03 sub-06 sub-08 sub-11 sub-12 sub-18 sub-23 sub-24 sub-27 sub-28 sub-29,0.012710336399031803,0.014167298097163439,0.62,0.0022860633624942283,-0.0002788944111671299,-0.00043128550169058144,-0.00042993732495233417
Sleep_rest_EEG_fMRI_OpenNeuro_ds003768,1,eeg_bandpower_ridge,1999,1001,sub-03 sub-06 sub-08 sub-11 sub-12 sub-18 sub-23 sub-24 sub-27 sub-28 sub-29,0.011688783919089474,0.008971854113042355,0.71,0.016744541952351807,0.019033709540963173,-0.28865525126457214,-0.2887609302997589
Sleep_rest_EEG_fMRI_OpenNeuro_ds003768,1,eeg_bandpower_shifted_null,1999,1001,sub-03 sub-06 sub-08 sub-11 sub-12 sub-18 sub-23 sub-24 sub-27 sub-28 sub-29,0.020296399671642575,0.0228262422606349,0.79,-0.005971704121915823,-0.0023522130213677883,-0.15189212560653687,-0.15205946564674377
Sleep_rest_EEG_fMRI_OpenNeuro_ds003768,2,train_mean,2000,1000,sub-01 sub-05 sub-07 sub-13 sub-16 sub-17 sub-19 sub-21 sub-25 sub-26 sub-33,1.82409564150918e-09,1.4402328218920957e-09,0.38,0.004276247508752931,0.013194853905588388,-0.0006348490715026855,-0.0006346539012156427
Sleep_rest_EEG_fMRI_OpenNeuro_ds003768,2,time_ridge,2000,1000,sub-01 sub-05 sub-07 sub-13 sub-16 sub-17 sub-19 sub-21 sub-25 sub-26 sub-33,0.01111841558944434,0.01081176707521081,0.6,0.0052476836616697255,0.007640637923032045,-0.0006005144095979631,-0.0006008280324749649
Sleep_rest_EEG_fMRI_OpenNeuro_ds003768,2,eeg_bandpower_ridge,2000,1000,sub-01 sub-05 sub-07 sub-13 sub-16 sub-17 sub-19 sub-21 sub-25 sub-26 sub-33,0.01251212983392179,0.01495067635551095,0.68,-0.008072739052483485,-0.01829888578504324,-0.5063485503196716,-0.5056777596473694
Sleep_rest_EEG_fMRI_OpenNeuro_ds003768,2,eeg_bandpower_shifted_null,2000,1000,sub-01 sub-05 sub-07 sub-13 sub-16 sub-17 sub-19 sub-21 sub-25 sub-26 sub-33,0.0028136305730731693,0.0016086774412542582,0.54,-0.003156197335469187,0.00047898544289637357,-0.28717905282974243,-0.2872212529182434
Sleep_rest_EEG_fMRI_OpenNeuro_ds003768,3,train_mean,2001,999,sub-02 sub-04 sub-09 sub-10 sub-14 sub-15 sub-20 sub-22 sub-30 sub-31 sub-32,5.843552469606035e-10,1.9814816454299944e-09,0.37,0.005714453557934881,-0.013799918815493584,-0.0005293071153573692,-0.0005245336797088385
Sleep_rest_EEG_fMRI_OpenNeuro_ds003768,3,time_ridge,2001,999,sub-02 sub-04 sub-09 sub-10 sub-14 sub-15 sub-20 sub-22 sub-30 sub-31 sub-32,-0.007331114645348862,-0.012594737578183413,0.36,0.0062941728696181394,-0.00852908194065094,-0.0005598044372163713,-0.0005555211682803929
Sleep_rest_EEG_fMRI_OpenNeuro_ds003768,3,eeg_bandpower_ridge,2001,999,sub-02 sub-04 sub-09 sub-10 sub-14 sub-15 sub-20 sub-22 sub-30 sub-31 sub-32,0.009395720452303066,0.011729206424206495,0.66,-0.018754291055555112,-0.01780659146606922,-0.30847808718681335,-0.3084351122379303
Sleep_rest_EEG_fMRI_OpenNeuro_ds003768,3,eeg_bandpower_shifted_null,2001,999,sub-02 sub-04 sub-09 sub-10 sub-14 sub-15 sub-20 sub-22 sub-30 sub-31 sub-32,-0.004874828807805898,-0.004261164227500558,0.44,0.0026429459251669906,0.0025919354520738125,-0.24380947649478912,-0.2435918003320694
Speeded_perceptual_judgments_confidence_OpenNeuro_ds002158,1,train_mean,1894,1106,sub-09 sub-11 sub-12 sub-17 sub-20 sub-21 sub-26,4.943880969593249e-10,2.511105989810858e-09,0.43,-0.004389828113996075,-0.002121082623489201,-0.0007417630986310542,-0.0007420705514959991
Speeded_perceptual_judgments_confidence_OpenNeuro_ds002158,1,time_ridge,1894,1106,sub-09 sub-11 sub-12 sub-17 sub-20 sub-21 sub-26,-0.011945103178441059,-0.01149500347673893,0.36,0.006594795007647055,0.010146078653633595,-0.0010002070339396596,-0.0010027217213064432
Speeded_perceptual_judgments_confidence_OpenNeuro_ds002158,1,eeg_bandpower_ridge,1894,1106,sub-09 sub-11 sub-12 sub-17 sub-20 sub-21 sub-26,-0.010989912369768717,-0.008769542444497347,0.34,-0.00021136180741325523,-0.003112823120318353,-1.4257597923278809,-1.4267289638519287
Speeded_perceptual_judgments_confidence_OpenNeuro_ds002158,1,eeg_bandpower_shifted_null,1894,1106,sub-09 sub-11 sub-12 sub-17 sub-20 sub-21 sub-26,-0.014068338072102051,-0.015589873306453228,0.23,-0.005863949725002875,-0.004007863579317927,-1.9038090705871582,-1.902719497680664
Speeded_perceptual_judgments_confidence_OpenNeuro_ds002158,2,train_mean,2053,947,sub-02 sub-04 sub-07 sub-08 sub-14 sub-16,1.5741959560101652e-10,0.0,0.33,-0.0024979151325305745,0.0014866413548588753,-0.0008172726375050843,-0.0008185256738215685
Speeded_perceptual_judgments_confidence_OpenNeuro_ds002158,2,time_ridge,2053,947,sub-02 sub-04 sub-07 sub-08 sub-14 sub-16,0.004277109132381156,0.007106439676135778,0.59,0.008036010688672624,0.009589429013431072,-0.0007766943890601397,-0.0007719003478996456
Speeded_perceptual_judgments_confidence_OpenNeuro_ds002158,2,eeg_bandpower_ridge,2053,947,sub-02 sub-04 sub-07 sub-08 sub-14 sub-16,-0.006058146584546193,-0.006595875835046172,0.39,-0.003136611592660485,-0.0003729489981196821,-0.8074443340301514,-0.8059470653533936
Speeded_perceptual_judgments_confidence_OpenNeuro_ds002158,2,eeg_bandpower_shifted_null,2053,947,sub-02 sub-04 sub-07 sub-08 sub-14 sub-16,-0.0018048551862011664,-0.0032026005210354924,0.43,0.00949603701465497,0.011100674979388714,-0.7772543430328369,-0.7776497602462769
Speeded_perceptual_judgments_confidence_OpenNeuro_ds002158,3,train_mean,2053,947,sub-10 sub-13 sub-15 sub-18 sub-19 sub-22,9.76921749952021e-10,2.5538157699678266e-10,0.37,-0.006707233815386827,-0.01003186497837305,-0.000553842808585614,-0.00055364437866956
Speeded_perceptual_judgments_confidence_OpenNeuro_ds002158,3,time_ridge,2053,947,sub-10 sub-13 sub-15 sub-18 sub-19 sub-22,-0.038211639267392454,-0.040496714413166046,0.14,0.017055582251717563,0.027623100206255913,-0.01021590270102024,-0.010191156528890133
Speeded_perceptual_judgments_confidence_OpenNeuro_ds002158,3,eeg_bandpower_ridge,2053,947,sub-10 sub-13 sub-15 sub-18 sub-19 sub-22,-0.010629353068652562,-0.011808099690824747,0.32,-0.006732838864295882,-0.012337230145931244,-0.7207369208335876,-0.7206587791442871
Speeded_perceptual_judgments_confidence_OpenNeuro_ds002158,3,eeg_bandpower_shifted_null,2053,947,sub-10 sub-13 sub-15 sub-18 sub-19 sub-22,0.006752898924751207,0.004937316291034222,0.56,0.0048453378551270515,0.0037844690959900618,-0.6525164842605591,-0.650262713432312
gradCPT_simultaneous_EEG_fMRI_DTI_OpenNeuro_ds006040,1,train_mean,1994,1006,sub-004 sub-009 sub-012 sub-017 sub-019 sub-020 sub-025 sub-026 sub-027 sub-029,5.583957577372153e-10,9.46513867283727e-10,0.37,0.007613952238921997,0.009712051134556532,-6.954908167244866e-05,-6.950783426873386e-05
gradCPT_simultaneous_EEG_fMRI_DTI_OpenNeuro_ds006040,1,time_ridge,1994,1006,sub-004 sub-009 sub-012 sub-017 sub-019 sub-020 sub-025 sub-026 sub-027 sub-029,0.10437734700739383,0.10703152418136597,0.96,0.04584636007696918,0.046408530324697495,0.01174268126487732,0.011760106310248375
gradCPT_simultaneous_EEG_fMRI_DTI_OpenNeuro_ds006040,1,eeg_bandpower_ridge,1994,1006,sub-004 sub-009 sub-012 sub-017 sub-019 sub-020 sub-025 sub-026 sub-027 sub-029,0.006894807231619779,0.0064310249872505665,0.64,0.010649780625555313,0.014219097327440977,-1.9835983514785767,-1.9858224391937256
gradCPT_simultaneous_EEG_fMRI_DTI_OpenNeuro_ds006040,1,eeg_bandpower_shifted_null,1994,1006,sub-004 sub-009 sub-012 sub-017 sub-019 sub-020 sub-025 sub-026 sub-027 sub-029,0.004201538508314115,0.003941451315768063,0.6,0.023251818651575308,0.014720904640853405,-0.9358046054840088,-0.9361212849617004
gradCPT_simultaneous_EEG_fMRI_DTI_OpenNeuro_ds006040,2,train_mean,1955,1045,sub-001 sub-006 sub-007 sub-008 sub-013 sub-014 sub-018 sub-022 sub-024,7.820574256627525e-10,4.57278187537824e-10,0.37,0.01560919317182902,0.020027147606015205,-3.9720536733511835e-05,-3.974718856625259e-05
gradCPT_simultaneous_EEG_fMRI_DTI_OpenNeuro_ds006040,2,time_ridge,1955,1045,sub-001 sub-006 sub-007 sub-008 sub-013 sub-014 sub-018 sub-022 sub-024,0.06864908688585274,0.06592592224478722,0.97,0.04324222903764967,0.04205556958913803,-0.0001596510410308838,-0.00013030947593506426
gradCPT_simultaneous_EEG_fMRI_DTI_OpenNeuro_ds006040,2,eeg_bandpower_ridge,1955,1045,sub-001 sub-006 sub-007 sub-008 sub-013 sub-014 sub-018 sub-022 sub-024,0.016274842937953053,0.0157709582708776,0.76,0.021468693193362393,0.028489401564002037,-0.9505765438079834,-0.9508588910102844
gradCPT_simultaneous_EEG_fMRI_DTI_OpenNeuro_ds006040,2,eeg_bandpower_shifted_null,1955,1045,sub-001 sub-006 sub-007 sub-008 sub-013 sub-014 sub-018 sub-022 sub-024,-0.011606766277836869,-0.012126731220632792,0.3,-0.01674624337812503,-0.028691699728369713,-1.2827626466751099,-1.2821320295333862
gradCPT_simultaneous_EEG_fMRI_DTI_OpenNeuro_ds006040,3,train_mean,2051,949,sub-002 sub-005 sub-010 sub-011 sub-015 sub-016 sub-021 sub-023 sub-028,1.1406055093014326e-09,1.0070622114000116e-09,0.4,-0.004401376850039917,0.0032387450337409973,-0.00011203169560758397,-0.00011192278907401487
gradCPT_simultaneous_EEG_fMRI_DTI_OpenNeuro_ds006040,3,time_ridge,2051,949,sub-002 sub-005 sub-010 sub-011 sub-015 sub-016 sub-021 sub-023 sub-028,0.09096993796993047,0.09050359204411507,0.95,0.04906529678118653,0.05783476680517197,0.007678195368498564,0.00769942719489336
gradCPT_simultaneous_EEG_fMRI_DTI_OpenNeuro_ds006040,3,eeg_bandpower_ridge,2051,949,sub-002 sub-005 sub-010 sub-011 sub-015 sub-016 sub-021 sub-023 sub-028,0.004098137286200653,0.0026533101918175817,0.54,0.004904386593732678,-5.472083103086334e-06,-0.6583927273750305,-0.6580612659454346
gradCPT_simultaneous_EEG_fMRI_DTI_OpenNeuro_ds006040,3,eeg_bandpower_shifted_null,2051,949,sub-002 sub-005 sub-010 sub-011 sub-015 sub-016 sub-021 sub-023 sub-028,0.0030530086005455814,0.0021765706478618085,0.51,0.013713429354891357,0.021435322239995003,-0.8134323954582214,-0.8132667541503906
natview,1,train_mean,1910,1090,sub-05 sub-06 sub-08 sub-11 sub-13 sub-17 sub-18 sub-19,1.0125869165378275e-09,1.3050170666328853e-09,0.29,-0.0026509539055992602,-0.0004394692223286256,-0.00042667865636758506,-0.0004261877911631018
natview,1,time_ridge,1910,1090,sub-05 sub-06 sub-08 sub-11 sub-13 sub-17 sub-18 sub-19,0.023737489618360995,0.024823209270834923,0.88,0.0005405484831148605,0.002664792933501303,2.3753642381052487e-05,2.7001653506886214e-05
natview,1,eeg_bandpower_ridge,1910,1090,sub-05 sub-06 sub-08 sub-11 sub-13 sub-17 sub-18 sub-19,0.01329371792220627,0.015854632947593927,0.77,-0.002035625801750655,-0.0013247223105281591,-11.058784484863281,-11.048300743103027
natview,1,eeg_bandpower_shifted_null,1910,1090,sub-05 sub-06 sub-08 sub-11 sub-13 sub-17 sub-18 sub-19,0.002859731546959665,0.003123848815448582,0.56,0.0023688400455284865,-0.004004467627964914,-8.970888137817383,-8.98192024230957
natview,2,train_mean,2045,955,sub-01 sub-02 sub-03 sub-07 sub-12 sub-16 sub-22,-1.6830911828065063e-09,-2.006891985928405e-09,0.31,0.00015737172392933234,-0.004968831315636635,-0.0023877585772424936,-0.0023902931716293097
natview,2,time_ridge,2045,955,sub-01 sub-02 sub-03 sub-07 sub-12 sub-16 sub-22,0.023663879906525836,0.024670432321727276,0.91,-0.0006002211394714903,-0.0019417456351220608,-0.001968757016584277,-0.0019676710944622755
natview,2,eeg_bandpower_ridge,2045,955,sub-01 sub-02 sub-03 sub-07 sub-12 sub-16 sub-22,0.0015758951738825998,0.0019510492566041648,0.56,0.007193519680727888,0.012185744941234589,-3.058509588241577,-3.05637526512146
natview,2,eeg_bandpower_shifted_null,2045,955,sub-01 sub-02 sub-03 sub-07 sub-12 sub-16 sub-22,0.011667191023007036,0.010955170262604952,0.83,0.005297582838757461,0.0055451830849051476,-5.146733283996582,-5.14394474029541
natview,3,train_mean,2045,955,sub-04 sub-09 sub-10 sub-14 sub-15 sub-20 sub-21,1.0695102047576255e-09,9.948143420146494e-10,0.41,-0.004049732955774543,-0.00011436128261266276,-0.0025040197651833296,-0.0025079394690692425
natview,3,time_ridge,2045,955,sub-04 sub-09 sub-10 sub-14 sub-15 sub-20 sub-21,0.047351801707409324,0.042682334780693054,0.96,-0.0029979587769524696,-0.0024920140858739614,-0.002361785154789686,-0.002366037340834737
natview,3,eeg_bandpower_ridge,2045,955,sub-04 sub-09 sub-10 sub-14 sub-15 sub-20 sub-21,-0.007508252445259132,-0.009245741181075573,0.31,-0.0017578907269973512,0.0010322349844500422,-4.8883256912231445,-4.865103244781494
natview,3,eeg_bandpower_shifted_null,2045,955,sub-04 sub-09 sub-10 sub-14 sub-15 sub-20 sub-21,-0.002007490106543628,-0.002544279210269451,0.41,0.007816287203865532,0.010866379365324974,-10.040961265563965,-10.041302680969238
