run_id,dataset,subject,session,run,path,target_kind,n_windows,n_lag_valid,lag_valid_frac,n_channels,n_labram_channels,n_times,target_dim,roi_mask_mean,roi_mask_min,roi_temporal_std_mean,roi_temporal_std_min,low_variance_roi_frac,raw_abs_mean,raw_abs_p99
0,Affective_music_listening_OpenNeuro_ds002725,sub-01,ses-nosession,sub-01_ses-nosession_classicalMusic_classicalMusic_run-norun,/home/sudaxin/projects/paired_data/data/pooled_raw_schaefer100_mni_proxy_full_mask_min80/run_cache/Affective_music_listening_OpenNeuro_ds002725/sub-01_ses-nosession_classicalMusic_classicalMusic_run-norun.npz,mni_proxy_ants_schaefer100,925,923,0.9978378378378379,46,31,383000,100,1.0,1.0,1.0,0.9999994039535522,0.0,0.886045515537262,8.0
1,Affective_music_listening_OpenNeuro_ds002725,sub-02,ses-nosession,sub-02_ses-nosession_classicalMusic_classicalMusic_run-norun,/home/sudaxin/projects/paired_data/data/pooled_raw_schaefer100_mni_proxy_full_mask_min80/run_cache/Affective_music_listening_OpenNeuro_ds002725/sub-02_ses-nosession_classicalMusic_classicalMusic_run-norun.npz,mni_proxy_ants_schaefer100,929,927,0.9978471474703983,46,31,379600,100,1.0,1.0,1.0,0.9999992251396179,0.0,0.7402451634407043,7.3125
2,Affective_music_listening_OpenNeuro_ds002725,sub-03,ses-nosession,sub-03_ses-nosession_classicalMusic_classicalMusic_run-norun,/home/sudaxin/projects/paired_data/data/pooled_raw_schaefer100_mni_proxy_full_mask_min80/run_cache/Affective_music_listening_OpenNeuro_ds002725/sub-03_ses-nosession_classicalMusic_classicalMusic_run-norun.npz,mni_proxy_ants_schaefer100,928,926,0.9978448275862069,46,31,383600,100,1.0,1.0,1.0,0.9999992847442627,0.0,0.8692285418510437,8.0
3,Affective_music_listening_OpenNeuro_ds002725,sub-04,ses-nosession,sub-04_ses-nosession_classicalMusic_classicalMusic_run-norun,/home/sudaxin/projects/paired_data/data/pooled_raw_schaefer100_mni_proxy_full_mask_min80/run_cache/Affective_music_listening_OpenNeuro_ds002725/sub-04_ses-nosession_classicalMusic_classicalMusic_run-norun.npz,mni_proxy_ants_schaefer100,929,927,0.9978471474703983,46,31,380200,100,1.0,1.0,0.9999999403953552,0.9999993443489075,0.0,0.8552279472351074,8.0
4,Affective_music_listening_OpenNeuro_ds002725,sub-05,ses-nosession,sub-05_ses-nosession_classicalMusic_classicalMusic_run-norun,/home/sudaxin/projects/paired_data/data/pooled_raw_schaefer100_mni_proxy_full_mask_min80/run_cache/Affective_music_listening_OpenNeuro_ds002725/sub-05_ses-nosession_classicalMusic_classicalMusic_run-norun.npz,mni_proxy_ants_schaefer100,929,927,0.9978471474703983,46,31,378200,100,1.0,1.0,1.0,0.9999993443489075,0.0,0.8691896200180054,8.0
5,Affective_music_listening_OpenNeuro_ds002725,sub-06,ses-nosession,sub-06_ses-nosession_classicalMusic_classicalMusic_run-norun,/home/sudaxin/projects/paired_data/data/pooled_raw_schaefer100_mni_proxy_full_mask_min80/run_cache/Affective_music_listening_OpenNeuro_ds002725/sub-06_ses-nosession_classicalMusic_classicalMusic_run-norun.npz,mni_proxy_ants_schaefer100,929,927,0.9978471474703983,46,31,379800,100,1.0,1.0,1.0,0.9999992847442627,0.0,0.9006081223487854,8.0
6,Affective_music_listening_OpenNeuro_ds002725,sub-07,ses-nosession,sub-07_ses-nosession_classicalMusic_classicalMusic_run-norun,/home/sudaxin/projects/paired_data/data/pooled_raw_schaefer100_mni_proxy_full_mask_min80/run_cache/Affective_music_listening_OpenNeuro_ds002725/sub-07_ses-nosession_classicalMusic_classicalMusic_run-norun.npz,mni_proxy_ants_schaefer100,929,927,0.9978471474703983,46,31,381000,100,1.0,1.0,1.0,0.9999992847442627,0.0,0.952544093132019,8.0
7,Affective_music_listening_OpenNeuro_ds002725,sub-08,ses-nosession,sub-08_ses-nosession_classicalMusic_classicalMusic_run-norun,/home/sudaxin/projects/paired_data/data/pooled_raw_schaefer100_mni_proxy_full_mask_min80/run_cache/Affective_music_listening_OpenNeuro_ds002725/sub-08_ses-nosession_classicalMusic_classicalMusic_run-norun.npz,mni_proxy_ants_schaefer100,929,927,0.9978471474703983,46,31,383800,100,1.0,1.0,1.0,0.9999994039535522,0.0,0.7527160048484802,7.0625
8,Affective_music_listening_OpenNeuro_ds002725,sub-09,ses-nosession,sub-09_ses-nosession_classicalMusic_classicalMusic_run-norun,/home/sudaxin/projects/paired_data/data/pooled_raw_schaefer100_mni_proxy_full_mask_min80/run_cache/Affective_music_listening_OpenNeuro_ds002725/sub-09_ses-nosession_classicalMusic_classicalMusic_run-norun.npz,mni_proxy_ants_schaefer100,929,927,0.9978471474703983,46,31,379400,100,1.0,1.0,1.0,0.999999463558197,0.0,0.8383896946907043,8.0
9,Affective_music_listening_OpenNeuro_ds002725,sub-10,ses-nosession,sub-10_ses-nosession_classicalMusic_classicalMusic_run-norun,/home/sudaxin/projects/paired_data/data/pooled_raw_schaefer100_mni_proxy_full_mask_min80/run_cache/Affective_music_listening_OpenNeuro_ds002725/sub-10_ses-nosession_classicalMusic_classicalMusic_run-norun.npz,mni_proxy_ants_schaefer100,929,927,0.9978471474703983,46,31,380400,100,1.0,1.0,1.0,0.9999993443489075,0.0,0.8964300751686096,8.0
10,Affective_music_listening_OpenNeuro_ds002725,sub-11,ses-nosession,sub-11_ses-nosession_classicalMusic_classicalMusic_run-norun,/home/sudaxin/projects/paired_data/data/pooled_raw_schaefer100_mni_proxy_full_mask_min80/run_cache/Affective_music_listening_OpenNeuro_ds002725/sub-11_ses-nosession_classicalMusic_classicalMusic_run-norun.npz,mni_proxy_ants_schaefer100,929,927,0.9978471474703983,46,31,395200,100,1.0,1.0,1.0,0.9999992847442627,0.0,0.8617158532142639,8.0
11,Affective_music_listening_OpenNeuro_ds002725,sub-12,ses-nosession,sub-12_ses-nosession_classicalMusic_classicalMusic_run-norun,/home/sudaxin/projects/paired_data/data/pooled_raw_schaefer100_mni_proxy_full_mask_min80/run_cache/Affective_music_listening_OpenNeuro_ds002725/sub-12_ses-nosession_classicalMusic_classicalMusic_run-norun.npz,mni_proxy_ants_schaefer100,929,927,0.9978471474703983,46,31,379000,100,1.0,1.0,1.0,0.9999992847442627,0.0,1.0404858589172363,8.0
12,Affective_music_listening_OpenNeuro_ds002725,sub-13,ses-nosession,sub-13_ses-nosession_classicalMusic_classicalMusic_run-norun,/home/sudaxin/projects/paired_data/data/pooled_raw_schaefer100_mni_proxy_full_mask_min80/run_cache/Affective_music_listening_OpenNeuro_ds002725/sub-13_ses-nosession_classicalMusic_classicalMusic_run-norun.npz,mni_proxy_ants_schaefer100,929,927,0.9978471474703983,46,31,379800,100,1.0,1.0,1.0,0.9999992847442627,0.0,0.9446498155593872,8.0
13,Affective_music_listening_OpenNeuro_ds002725,sub-14,ses-nosession,sub-14_ses-nosession_classicalMusic_classicalMusic_run-norun,/home/sudaxin/projects/paired_data/data/pooled_raw_schaefer100_mni_proxy_full_mask_min80/run_cache/Affective_music_listening_OpenNeuro_ds002725/sub-14_ses-nosession_classicalMusic_classicalMusic_run-norun.npz,mni_proxy_ants_schaefer100,929,927,0.9978471474703983,46,31,376600,100,1.0,1.0,1.0,0.9999992847442627,0.0,0.8185730576515198,8.0
14,Affective_music_listening_OpenNeuro_ds002725,sub-15,ses-nosession,sub-15_ses-nosession_classicalMusic_classicalMusic_run-norun,/home/sudaxin/projects/paired_data/data/pooled_raw_schaefer100_mni_proxy_full_mask_min80/run_cache/Affective_music_listening_OpenNeuro_ds002725/sub-15_ses-nosession_classicalMusic_classicalMusic_run-norun.npz,mni_proxy_ants_schaefer100,929,927,0.9978471474703983,46,31,377800,100,1.0,1.0,1.0,0.9999991655349731,0.0,0.8221279978752136,8.0
15,Affective_music_listening_OpenNeuro_ds002725,sub-16,ses-nosession,sub-16_ses-nosession_classicalMusic_classicalMusic_run-norun,/home/sudaxin/projects/paired_data/data/pooled_raw_schaefer100_mni_proxy_full_mask_min80/run_cache/Affective_music_listening_OpenNeuro_ds002725/sub-16_ses-nosession_classicalMusic_classicalMusic_run-norun.npz,mni_proxy_ants_schaefer100,929,927,0.9978471474703983,46,31,379400,100,1.0,1.0,1.0,0.9999992251396179,0.0,0.7667652368545532,7.6875
16,Affective_music_listening_OpenNeuro_ds002725,sub-17,ses-nosession,sub-17_ses-nosession_classicalMusic_classicalMusic_run-norun,/home/sudaxin/projects/paired_data/data/pooled_raw_schaefer100_mni_proxy_full_mask_min80/run_cache/Affective_music_listening_OpenNeuro_ds002725/sub-17_ses-nosession_classicalMusic_classicalMusic_run-norun.npz,mni_proxy_ants_schaefer100,929,927,0.9978471474703983,46,31,379600,100,1.0,1.0,1.0,0.9999991059303284,0.0,0.8428125381469727,8.0
17,Affective_music_listening_OpenNeuro_ds002725,sub-18,ses-nosession,sub-18_ses-nosession_classicalMusic_classicalMusic_run-norun,/home/sudaxin/projects/paired_data/data/pooled_raw_schaefer100_mni_proxy_full_mask_min80/run_cache/Affective_music_listening_OpenNeuro_ds002725/sub-18_ses-nosession_classicalMusic_classicalMusic_run-norun.npz,mni_proxy_ants_schaefer100,930,928,0.9978494623655914,46,31,380000,100,1.0,1.0,0.9999999403953552,0.9999991059303284,0.0,0.8003377914428711,8.0
18,Affective_music_listening_OpenNeuro_ds002725,sub-19,ses-nosession,sub-19_ses-nosession_classicalMusic_classicalMusic_run-norun,/home/sudaxin/projects/paired_data/data/pooled_raw_schaefer100_mni_proxy_full_mask_min80/run_cache/Affective_music_listening_OpenNeuro_ds002725/sub-19_ses-nosession_classicalMusic_classicalMusic_run-norun.npz,mni_proxy_ants_schaefer100,929,927,0.9978471474703983,46,31,378400,100,1.0,1.0,1.0,0.9999995231628418,0.0,0.8754326105117798,8.0
19,Affective_music_listening_OpenNeuro_ds002725,sub-20,ses-nosession,sub-20_ses-nosession_classicalMusic_classicalMusic_run-norun,/home/sudaxin/projects/paired_data/data/pooled_raw_schaefer100_mni_proxy_full_mask_min80/run_cache/Affective_music_listening_OpenNeuro_ds002725/sub-20_ses-nosession_classicalMusic_classicalMusic_run-norun.npz,mni_proxy_ants_schaefer100,930,928,0.9978494623655914,46,31,386000,100,1.0,1.0,1.0,0.9999992251396179,0.0,0.9398630857467651,8.0
20,Affective_music_listening_OpenNeuro_ds002725,sub-21,ses-nosession,sub-21_ses-nosession_classicalMusic_classicalMusic_run-norun,/home/sudaxin/projects/paired_data/data/pooled_raw_schaefer100_mni_proxy_full_mask_min80/run_cache/Affective_music_listening_OpenNeuro_ds002725/sub-21_ses-nosession_classicalMusic_classicalMusic_run-norun.npz,mni_proxy_ants_schaefer100,929,927,0.9978471474703983,46,31,378200,100,1.0,1.0,1.0,0.9999993443489075,0.0,0.8225865364074707,8.0
21,Motor_imagery_neurofeedback_XP2_OpenNeuro_ds002338,sub-xp201,ses-nosession,sub-xp201_ses-nosession_1dNF_1dNF_run-01,/home/sudaxin/projects/paired_data/data/pooled_raw_schaefer100_mni_proxy_full_mask_min80/run_cache/Motor_imagery_neurofeedback_XP2_OpenNeuro_ds002338/sub-xp201_ses-nosession_1dNF_1dNF_run-01.npz,mni_proxy_ants_schaefer100,322,318,0.9875776397515528,64,63,72052,100,0.8899999856948853,0.0,0.8899999856948853,0.0,0.11,1.0074247121810913,4.859375
22,Motor_imagery_neurofeedback_XP2_OpenNeuro_ds002338,sub-xp202,ses-nosession,sub-xp202_ses-nosession_1dNF_1dNF_run-01,/home/sudaxin/projects/paired_data/data/pooled_raw_schaefer100_mni_proxy_full_mask_min80/run_cache/Motor_imagery_neurofeedback_XP2_OpenNeuro_ds002338/sub-xp202_ses-nosession_1dNF_1dNF_run-01.npz,mni_proxy_ants_schaefer100,322,318,0.9875776397515528,64,63,68156,100,0.8600000143051147,0.0,0.8600000143051147,0.0,0.14,1.1544288396835327,5.46875
23,Motor_imagery_neurofeedback_XP2_OpenNeuro_ds002338,sub-xp203,ses-nosession,sub-xp203_ses-nosession_1dNF_1dNF_run-01,/home/sudaxin/projects/paired_data/data/pooled_raw_schaefer100_mni_proxy_full_mask_min80/run_cache/Motor_imagery_neurofeedback_XP2_OpenNeuro_ds002338/sub-xp203_ses-nosession_1dNF_1dNF_run-01.npz,mni_proxy_ants_schaefer100,322,318,0.9875776397515528,64,63,69524,100,0.8600000143051147,0.0,0.8600000143051147,0.0,0.14,0.9512761831283569,4.33984375
24,Motor_imagery_neurofeedback_XP2_OpenNeuro_ds002338,sub-xp204,ses-nosession,sub-xp204_ses-nosession_2dNF_2dNF_run-01,/home/sudaxin/projects/paired_data/data/pooled_raw_schaefer100_mni_proxy_full_mask_min80/run_cache/Motor_imagery_neurofeedback_XP2_OpenNeuro_ds002338/sub-xp204_ses-nosession_2dNF_2dNF_run-01.npz,mni_proxy_ants_schaefer100,322,318,0.9875776397515528,64,63,74692,100,0.8500000238418579,0.0,0.8500000238418579,0.0,0.15,1.035194993019104,4.7890625
25,Motor_imagery_neurofeedback_XP2_OpenNeuro_ds002338,sub-xp205,ses-nosession,sub-xp205_ses-nosession_2dNF_2dNF_run-01,/home/sudaxin/projects/paired_data/data/pooled_raw_schaefer100_mni_proxy_full_mask_min80/run_cache/Motor_imagery_neurofeedback_XP2_OpenNeuro_ds002338/sub-xp205_ses-nosession_2dNF_2dNF_run-01.npz,mni_proxy_ants_schaefer100,322,318,0.9875776397515528,64,63,70180,100,0.8700000047683716,0.0,0.8700000047683716,0.0,0.13,0.9033585786819458,4.02734375
26,Motor_imagery_neurofeedback_XP2_OpenNeuro_ds002338,sub-xp206,ses-nosession,sub-xp206_ses-nosession_1dNF_1dNF_run-01,/home/sudaxin/projects/paired_data/data/pooled_raw_schaefer100_mni_proxy_full_mask_min80/run_cache/Motor_imagery_neurofeedback_XP2_OpenNeuro_ds002338/sub-xp206_ses-nosession_1dNF_1dNF_run-01.npz,mni_proxy_ants_schaefer100,322,318,0.9875776397515528,64,63,67320,100,0.8500000238418579,0.0,0.8500000238418579,0.0,0.15,1.041689395904541,4.953125
27,Motor_imagery_neurofeedback_XP2_OpenNeuro_ds002338,sub-xp207,ses-nosession,sub-xp207_ses-nosession_2dNF_2dNF_run-01,/home/sudaxin/projects/paired_data/data/pooled_raw_schaefer100_mni_proxy_full_mask_min80/run_cache/Motor_imagery_neurofeedback_XP2_OpenNeuro_ds002338/sub-xp207_ses-nosession_2dNF_2dNF_run-01.npz,mni_proxy_ants_schaefer100,322,318,0.9875776397515528,64,63,68520,100,0.8299999833106995,0.0,0.8299999833106995,0.0,0.17,0.954467236995697,3.720703125
28,Motor_imagery_neurofeedback_XP2_OpenNeuro_ds002338,sub-xp210,ses-nosession,sub-xp210_ses-nosession_2dNF_2dNF_run-01,/home/sudaxin/projects/paired_data/data/pooled_raw_schaefer100_mni_proxy_full_mask_min80/run_cache/Motor_imagery_neurofeedback_XP2_OpenNeuro_ds002338/sub-xp210_ses-nosession_2dNF_2dNF_run-01.npz,mni_proxy_ants_schaefer100,322,318,0.9875776397515528,64,63,66824,100,0.800000011920929,0.0,0.800000011920929,0.0,0.2,1.0397820472717285,4.328125
29,Motor_imagery_neurofeedback_XP2_OpenNeuro_ds002338,sub-xp211,ses-nosession,sub-xp211_ses-nosession_1dNF_1dNF_run-01,/home/sudaxin/projects/paired_data/data/pooled_raw_schaefer100_mni_proxy_full_mask_min80/run_cache/Motor_imagery_neurofeedback_XP2_OpenNeuro_ds002338/sub-xp211_ses-nosession_1dNF_1dNF_run-01.npz,mni_proxy_ants_schaefer100,322,318,0.9875776397515528,64,63,69160,100,0.9300000071525574,0.0,0.9300000071525574,0.0,0.07,1.0594242811203003,4.76171875
30,Motor_imagery_neurofeedback_XP2_OpenNeuro_ds002338,sub-xp213,ses-nosession,sub-xp213_ses-nosession_2dNF_2dNF_run-01,/home/sudaxin/projects/paired_data/data/pooled_raw_schaefer100_mni_proxy_full_mask_min80/run_cache/Motor_imagery_neurofeedback_XP2_OpenNeuro_ds002338/sub-xp213_ses-nosession_2dNF_2dNF_run-01.npz,mni_proxy_ants_schaefer100,322,318,0.9875776397515528,64,63,70080,100,0.8799999952316284,0.0,0.8799999952316284,0.0,0.12,1.063188076019287,5.02734375
31,Motor_imagery_neurofeedback_XP2_OpenNeuro_ds002338,sub-xp216,ses-nosession,sub-xp216_ses-nosession_2dNF_2dNF_run-01,/home/sudaxin/projects/paired_data/data/pooled_raw_schaefer100_mni_proxy_full_mask_min80/run_cache/Motor_imagery_neurofeedback_XP2_OpenNeuro_ds002338/sub-xp216_ses-nosession_2dNF_2dNF_run-01.npz,mni_proxy_ants_schaefer100,322,318,0.9875776397515528,64,63,68324,100,0.9300000071525574,0.0,0.9300000071525574,0.0,0.07,1.074055790901184,4.8671875
32,Motor_imagery_neurofeedback_XP2_OpenNeuro_ds002338,sub-xp217,ses-nosession,sub-xp217_ses-nosession_2dNF_2dNF_run-01,/home/sudaxin/projects/paired_data/data/pooled_raw_schaefer100_mni_proxy_full_mask_min80/run_cache/Motor_imagery_neurofeedback_XP2_OpenNeuro_ds002338/sub-xp217_ses-nosession_2dNF_2dNF_run-01.npz,mni_proxy_ants_schaefer100,322,318,0.9875776397515528,64,63,67700,100,0.8600000143051147,0.0,0.8600000143051147,0.0,0.14,1.1238269805908203,5.296875
33,Motor_imagery_neurofeedback_XP2_OpenNeuro_ds002338,sub-xp218,ses-nosession,sub-xp218_ses-nosession_1dNF_1dNF_run-01,/home/sudaxin/projects/paired_data/data/pooled_raw_schaefer100_mni_proxy_full_mask_min80/run_cache/Motor_imagery_neurofeedback_XP2_OpenNeuro_ds002338/sub-xp218_ses-nosession_1dNF_1dNF_run-01.npz,mni_proxy_ants_schaefer100,322,318,0.9875776397515528,64,63,68788,100,0.8999999761581421,0.0,0.8999999761581421,0.0,0.1,1.0572417974472046,5.23046875
34,Motor_imagery_neurofeedback_XP2_OpenNeuro_ds002338,sub-xp219,ses-nosession,sub-xp219_ses-nosession_1dNF_1dNF_run-01,/home/sudaxin/projects/paired_data/data/pooled_raw_schaefer100_mni_proxy_full_mask_min80/run_cache/Motor_imagery_neurofeedback_XP2_OpenNeuro_ds002338/sub-xp219_ses-nosession_1dNF_1dNF_run-01.npz,mni_proxy_ants_schaefer100,322,318,0.9875776397515528,64,63,83344,100,0.8500000238418579,0.0,0.8500000238418579,0.0,0.15,1.0968583822250366,5.45703125
35,Motor_imagery_neurofeedback_XP2_OpenNeuro_ds002338,sub-xp220,ses-nosession,sub-xp220_ses-nosession_1dNF_1dNF_run-01,/home/sudaxin/projects/paired_data/data/pooled_raw_schaefer100_mni_proxy_full_mask_min80/run_cache/Motor_imagery_neurofeedback_XP2_OpenNeuro_ds002338/sub-xp220_ses-nosession_1dNF_1dNF_run-01.npz,mni_proxy_ants_schaefer100,322,318,0.9875776397515528,64,63,70500,100,0.8500000238418579,0.0,0.8500000238418579,0.0,0.15,0.9919155836105347,4.4453125
36,Motor_imagery_neurofeedback_XP2_OpenNeuro_ds002338,sub-xp221,ses-nosession,sub-xp221_ses-nosession_2dNF_2dNF_run-01,/home/sudaxin/projects/paired_data/data/pooled_raw_schaefer100_mni_proxy_full_mask_min80/run_cache/Motor_imagery_neurofeedback_XP2_OpenNeuro_ds002338/sub-xp221_ses-nosession_2dNF_2dNF_run-01.npz,mni_proxy_ants_schaefer100,322,318,0.9875776397515528,64,63,67636,100,0.8899999856948853,0.0,0.8899999856948853,0.0,0.11,1.0254385471343994,5.24609375
37,Motor_imagery_neurofeedback_XP2_OpenNeuro_ds002338,sub-xp222,ses-nosession,sub-xp222_ses-nosession_1dNF_1dNF_run-01,/home/sudaxin/projects/paired_data/data/pooled_raw_schaefer100_mni_proxy_full_mask_min80/run_cache/Motor_imagery_neurofeedback_XP2_OpenNeuro_ds002338/sub-xp222_ses-nosession_1dNF_1dNF_run-01.npz,mni_proxy_ants_schaefer100,322,318,0.9875776397515528,64,63,67400,100,0.8600000143051147,0.0,0.8600000143051147,0.0,0.14,0.9525701999664307,3.96875
38,Multi_session_EEG_fMRI_experience_sampling_OpenNeuro_ds007216,sub-001,ses-001,sub-001_ses-001_ExperienceSampling_ExperienceSampling_run-001,/home/sudaxin/projects/paired_data/data/pooled_raw_schaefer100_mni_proxy_full_mask_min80/run_cache/Multi_session_EEG_fMRI_experience_sampling_OpenNeuro_ds007216/sub-001_ses-001_ExperienceSampling_ExperienceSampling_run-001.npz,mni_proxy_ants_schaefer100,288,286,0.9930555555555556,31,31,120680,100,1.0,1.0,1.0,0.9999996423721313,0.0,1.2798285484313965,6.1875
39,Multi_session_EEG_fMRI_experience_sampling_OpenNeuro_ds007216,sub-002,ses-001,sub-002_ses-001_ExperienceSampling_ExperienceSampling_run-001,/home/sudaxin/projects/paired_data/data/pooled_raw_schaefer100_mni_proxy_full_mask_min80/run_cache/Multi_session_EEG_fMRI_experience_sampling_OpenNeuro_ds007216/sub-002_ses-001_ExperienceSampling_ExperienceSampling_run-001.npz,mni_proxy_ants_schaefer100,312,310,0.9935897435897436,31,31,133216,100,1.0,1.0,1.0,0.999999463558197,0.0,1.1923291683197021,6.1796875
40,Multi_session_EEG_fMRI_experience_sampling_OpenNeuro_ds007216,sub-003,ses-001,sub-003_ses-001_ExperienceSampling_ExperienceSampling_run-001,/home/sudaxin/projects/paired_data/data/pooled_raw_schaefer100_mni_proxy_full_mask_min80/run_cache/Multi_session_EEG_fMRI_experience_sampling_OpenNeuro_ds007216/sub-003_ses-001_ExperienceSampling_ExperienceSampling_run-001.npz,mni_proxy_ants_schaefer100,355,353,0.9943661971830986,31,31,147312,100,1.0,1.0,1.0,0.999999463558197,0.0,1.2695459127426147,6.234375
41,Multi_session_EEG_fMRI_experience_sampling_OpenNeuro_ds007216,sub-004,ses-001,sub-004_ses-001_ExperienceSampling_ExperienceSampling_run-001,/home/sudaxin/projects/paired_data/data/pooled_raw_schaefer100_mni_proxy_full_mask_min80/run_cache/Multi_session_EEG_fMRI_experience_sampling_OpenNeuro_ds007216/sub-004_ses-001_ExperienceSampling_ExperienceSampling_run-001.npz,mni_proxy_ants_schaefer100,308,306,0.9935064935064936,31,31,132772,100,1.0,1.0,1.0,0.9999994039535522,0.0,1.2953795194625854,6.328125
42,Multi_session_EEG_fMRI_experience_sampling_OpenNeuro_ds007216,sub-005,ses-001,sub-005_ses-001_ExperienceSampling_ExperienceSampling_run-001,/home/sudaxin/projects/paired_data/data/pooled_raw_schaefer100_mni_proxy_full_mask_min80/run_cache/Multi_session_EEG_fMRI_experience_sampling_OpenNeuro_ds007216/sub-005_ses-001_ExperienceSampling_ExperienceSampling_run-001.npz,mni_proxy_ants_schaefer100,320,318,0.99375,31,31,139036,100,1.0,1.0,1.0,0.9999995827674866,0.0,1.0141185522079468,5.390625
43,Multi_session_EEG_fMRI_experience_sampling_OpenNeuro_ds007216,sub-006,ses-001,sub-006_ses-001_ExperienceSampling_ExperienceSampling_run-001,/home/sudaxin/projects/paired_data/data/pooled_raw_schaefer100_mni_proxy_full_mask_min80/run_cache/Multi_session_EEG_fMRI_experience_sampling_OpenNeuro_ds007216/sub-006_ses-001_ExperienceSampling_ExperienceSampling_run-001.npz,mni_proxy_ants_schaefer100,337,335,0.9940652818991098,31,31,142860,100,1.0,1.0,1.0,0.9999995231628418,0.0,1.4527223110198975,7.5078125
44,Multi_session_EEG_fMRI_experience_sampling_OpenNeuro_ds007216,sub-007,ses-001,sub-007_ses-001_ExperienceSampling_ExperienceSampling_run-001,/home/sudaxin/projects/paired_data/data/pooled_raw_schaefer100_mni_proxy_full_mask_min80/run_cache/Multi_session_EEG_fMRI_experience_sampling_OpenNeuro_ds007216/sub-007_ses-001_ExperienceSampling_ExperienceSampling_run-001.npz,mni_proxy_ants_schaefer100,345,343,0.9942028985507246,31,31,147296,100,1.0,1.0,1.0,0.9999995231628418,0.0,1.1864639520645142,7.9609375
45,Multi_session_EEG_fMRI_experience_sampling_OpenNeuro_ds007216,sub-008,ses-001,sub-008_ses-001_ExperienceSampling_ExperienceSampling_run-001,/home/sudaxin/projects/paired_data/data/pooled_raw_schaefer100_mni_proxy_full_mask_min80/run_cache/Multi_session_EEG_fMRI_experience_sampling_OpenNeuro_ds007216/sub-008_ses-001_ExperienceSampling_ExperienceSampling_run-001.npz,mni_proxy_ants_schaefer100,315,313,0.9936507936507937,31,31,133932,100,1.0,1.0,1.0,0.9999995231628418,0.0,1.1968514919281006,6.265625
46,Multi_session_EEG_fMRI_experience_sampling_OpenNeuro_ds007216,sub-009,ses-001,sub-009_ses-001_ExperienceSampling_ExperienceSampling_run-001,/home/sudaxin/projects/paired_data/data/pooled_raw_schaefer100_mni_proxy_full_mask_min80/run_cache/Multi_session_EEG_fMRI_experience_sampling_OpenNeuro_ds007216/sub-009_ses-001_ExperienceSampling_ExperienceSampling_run-001.npz,mni_proxy_ants_schaefer100,368,366,0.9945652173913043,31,31,151404,100,1.0,1.0,1.0,0.9999994039535522,0.0,1.2706390619277954,6.55859375
47,Multi_session_EEG_fMRI_experience_sampling_OpenNeuro_ds007216,sub-010,ses-001,sub-010_ses-001_ExperienceSampling_ExperienceSampling_run-001,/home/sudaxin/projects/paired_data/data/pooled_raw_schaefer100_mni_proxy_full_mask_min80/run_cache/Multi_session_EEG_fMRI_experience_sampling_OpenNeuro_ds007216/sub-010_ses-001_ExperienceSampling_ExperienceSampling_run-001.npz,mni_proxy_ants_schaefer100,306,304,0.9934640522875817,31,31,131280,100,1.0,1.0,1.0,0.9999995231628418,0.0,1.2742112874984741,6.95703125
48,Multi_session_EEG_fMRI_experience_sampling_OpenNeuro_ds007216,sub-011,ses-001,sub-011_ses-001_ExperienceSampling_ExperienceSampling_run-001,/home/sudaxin/projects/paired_data/data/pooled_raw_schaefer100_mni_proxy_full_mask_min80/run_cache/Multi_session_EEG_fMRI_experience_sampling_OpenNeuro_ds007216/sub-011_ses-001_ExperienceSampling_ExperienceSampling_run-001.npz,mni_proxy_ants_schaefer100,401,399,0.9950124688279302,31,31,168000,100,1.0,1.0,1.0,0.9999994039535522,0.0,1.2603973150253296,6.8125
49,Multi_session_EEG_fMRI_experience_sampling_OpenNeuro_ds007216,sub-012,ses-001,sub-012_ses-001_ExperienceSampling_ExperienceSampling_run-001,/home/sudaxin/projects/paired_data/data/pooled_raw_schaefer100_mni_proxy_full_mask_min80/run_cache/Multi_session_EEG_fMRI_experience_sampling_OpenNeuro_ds007216/sub-012_ses-001_ExperienceSampling_ExperienceSampling_run-001.npz,mni_proxy_ants_schaefer100,373,371,0.9946380697050938,31,31,159480,100,1.0,1.0,1.0,0.999999463558197,0.0,1.252009630203247,6.3359375
50,Multi_session_EEG_fMRI_experience_sampling_OpenNeuro_ds007216,sub-013,ses-001,sub-013_ses-001_ExperienceSampling_ExperienceSampling_run-001,/home/sudaxin/projects/paired_data/data/pooled_raw_schaefer100_mni_proxy_full_mask_min80/run_cache/Multi_session_EEG_fMRI_experience_sampling_OpenNeuro_ds007216/sub-013_ses-001_ExperienceSampling_ExperienceSampling_run-001.npz,mni_proxy_ants_schaefer100,289,287,0.9930795847750865,31,31,122812,100,1.0,1.0,1.0,0.9999995827674866,0.0,1.2347948551177979,6.2890625
51,Multi_session_EEG_fMRI_experience_sampling_OpenNeuro_ds007216,sub-014,ses-001,sub-014_ses-001_ExperienceSampling_ExperienceSampling_run-001,/home/sudaxin/projects/paired_data/data/pooled_raw_schaefer100_mni_proxy_full_mask_min80/run_cache/Multi_session_EEG_fMRI_experience_sampling_OpenNeuro_ds007216/sub-014_ses-001_ExperienceSampling_ExperienceSampling_run-001.npz,mni_proxy_ants_schaefer100,300,298,0.9933333333333333,31,31,131708,100,1.0,1.0,1.0,0.9999997019767761,0.0,1.43878173828125,7.37109375
52,Multi_session_EEG_fMRI_experience_sampling_OpenNeuro_ds007216,sub-015,ses-001,sub-015_ses-001_ExperienceSampling_ExperienceSampling_run-001,/home/sudaxin/projects/paired_data/data/pooled_raw_schaefer100_mni_proxy_full_mask_min80/run_cache/Multi_session_EEG_fMRI_experience_sampling_OpenNeuro_ds007216/sub-015_ses-001_ExperienceSampling_ExperienceSampling_run-001.npz,mni_proxy_ants_schaefer100,376,374,0.9946808510638298,31,31,163088,100,1.0,1.0,1.0,0.999999463558197,0.0,1.2015268802642822,5.98828125
53,Multi_session_EEG_fMRI_experience_sampling_OpenNeuro_ds007216,sub-016,ses-001,sub-016_ses-001_ExperienceSampling_ExperienceSampling_run-001,/home/sudaxin/projects/paired_data/data/pooled_raw_schaefer100_mni_proxy_full_mask_min80/run_cache/Multi_session_EEG_fMRI_experience_sampling_OpenNeuro_ds007216/sub-016_ses-001_ExperienceSampling_ExperienceSampling_run-001.npz,mni_proxy_ants_schaefer100,309,307,0.9935275080906149,31,31,136680,100,1.0,1.0,1.0,0.9999995827674866,0.0,1.3661448955535889,7.1796875
54,Multi_session_EEG_fMRI_experience_sampling_OpenNeuro_ds007216,sub-017,ses-001,sub-017_ses-001_ExperienceSampling_ExperienceSampling_run-001,/home/sudaxin/projects/paired_data/data/pooled_raw_schaefer100_mni_proxy_full_mask_min80/run_cache/Multi_session_EEG_fMRI_experience_sampling_OpenNeuro_ds007216/sub-017_ses-001_ExperienceSampling_ExperienceSampling_run-001.npz,mni_proxy_ants_schaefer100,317,315,0.9936908517350158,31,31,138924,100,1.0,1.0,1.0,0.9999993443489075,0.0,1.0876044034957886,5.3671875
55,Multi_session_EEG_fMRI_experience_sampling_OpenNeuro_ds007216,sub-018,ses-001,sub-018_ses-001_ExperienceSampling_ExperienceSampling_run-001,/home/sudaxin/projects/paired_data/data/pooled_raw_schaefer100_mni_proxy_full_mask_min80/run_cache/Multi_session_EEG_fMRI_experience_sampling_OpenNeuro_ds007216/sub-018_ses-001_ExperienceSampling_ExperienceSampling_run-001.npz,mni_proxy_ants_schaefer100,362,360,0.994475138121547,31,31,156744,100,1.0,1.0,1.0,0.9999995231628418,0.0,1.2049732208251953,5.98046875
56,Multi_session_EEG_fMRI_experience_sampling_OpenNeuro_ds007216,sub-019,ses-001,sub-019_ses-001_ExperienceSampling_ExperienceSampling_run-001,/home/sudaxin/projects/paired_data/data/pooled_raw_schaefer100_mni_proxy_full_mask_min80/run_cache/Multi_session_EEG_fMRI_experience_sampling_OpenNeuro_ds007216/sub-019_ses-001_ExperienceSampling_ExperienceSampling_run-001.npz,mni_proxy_ants_schaefer100,368,366,0.9945652173913043,31,31,159636,100,1.0,1.0,1.0,0.9999992251396179,0.0,0.9359244704246521,4.30078125
57,Multi_session_EEG_fMRI_experience_sampling_OpenNeuro_ds007216,sub-020,ses-001,sub-020_ses-001_ExperienceSampling_ExperienceSampling_run-001,/home/sudaxin/projects/paired_data/data/pooled_raw_schaefer100_mni_proxy_full_mask_min80/run_cache/Multi_session_EEG_fMRI_experience_sampling_OpenNeuro_ds007216/sub-020_ses-001_ExperienceSampling_ExperienceSampling_run-001.npz,mni_proxy_ants_schaefer100,334,332,0.9940119760479041,31,31,144588,100,1.0,1.0,1.0,0.999999463558197,0.0,1.0167021751403809,4.4921875
58,Multi_session_EEG_fMRI_experience_sampling_OpenNeuro_ds007216,sub-021,ses-001,sub-021_ses-001_ExperienceSampling_ExperienceSampling_run-001,/home/sudaxin/projects/paired_data/data/pooled_raw_schaefer100_mni_proxy_full_mask_min80/run_cache/Multi_session_EEG_fMRI_experience_sampling_OpenNeuro_ds007216/sub-021_ses-001_ExperienceSampling_ExperienceSampling_run-001.npz,mni_proxy_ants_schaefer100,288,286,0.9930555555555556,31,31,124392,100,1.0,1.0,1.0,0.999999463558197,0.0,1.122198462486267,5.76953125
59,Multi_session_EEG_fMRI_experience_sampling_OpenNeuro_ds007216,sub-023,ses-001,sub-023_ses-001_ExperienceSampling_ExperienceSampling_run-001,/home/sudaxin/projects/paired_data/data/pooled_raw_schaefer100_mni_proxy_full_mask_min80/run_cache/Multi_session_EEG_fMRI_experience_sampling_OpenNeuro_ds007216/sub-023_ses-001_ExperienceSampling_ExperienceSampling_run-001.npz,mni_proxy_ants_schaefer100,284,282,0.9929577464788732,31,31,126860,100,1.0,1.0,1.0,0.9999993443489075,0.0,1.135414481163025,5.234375
60,Multi_session_EEG_fMRI_experience_sampling_OpenNeuro_ds007216,sub-024,ses-001,sub-024_ses-001_ExperienceSampling_ExperienceSampling_run-001,/home/sudaxin/projects/paired_data/data/pooled_raw_schaefer100_mni_proxy_full_mask_min80/run_cache/Multi_session_EEG_fMRI_experience_sampling_OpenNeuro_ds007216/sub-024_ses-001_ExperienceSampling_ExperienceSampling_run-001.npz,mni_proxy_ants_schaefer100,371,369,0.9946091644204852,31,31,159248,100,1.0,1.0,1.0,0.9999994039535522,0.0,1.1672046184539795,5.40625
61,Multi_session_EEG_fMRI_experience_sampling_OpenNeuro_ds007216,sub-025,ses-001,sub-025_ses-001_ExperienceSampling_ExperienceSampling_run-001,/home/sudaxin/projects/paired_data/data/pooled_raw_schaefer100_mni_proxy_full_mask_min80/run_cache/Multi_session_EEG_fMRI_experience_sampling_OpenNeuro_ds007216/sub-025_ses-001_ExperienceSampling_ExperienceSampling_run-001.npz,mni_proxy_ants_schaefer100,283,281,0.9929328621908127,31,31,135088,100,1.0,1.0,1.0,0.999999463558197,0.0,1.3004896640777588,6.77734375
62,Sleep_rest_EEG_fMRI_OpenNeuro_ds003768,sub-01,ses-nosession,sub-01_ses-nosession_rest_rest_run-1,/home/sudaxin/projects/paired_data/data/pooled_raw_schaefer100_mni_proxy_full_mask_min80/run_cache/Sleep_rest_EEG_fMRI_OpenNeuro_ds003768/sub-01_ses-nosession_rest_rest_run-1.npz,mni_proxy_ants_schaefer100,281,279,0.9928825622775801,32,30,161712,100,1.0,1.0,1.0,0.9999995231628418,0.0,1.2308342456817627,6.8125
63,Sleep_rest_EEG_fMRI_OpenNeuro_ds003768,sub-02,ses-nosession,sub-02_ses-nosession_rest_rest_run-1,/home/sudaxin/projects/paired_data/data/pooled_raw_schaefer100_mni_proxy_full_mask_min80/run_cache/Sleep_rest_EEG_fMRI_OpenNeuro_ds003768/sub-02_ses-nosession_rest_rest_run-1.npz,mni_proxy_ants_schaefer100,281,279,0.9928825622775801,32,30,126616,100,1.0,1.0,1.0,0.9999996423721313,0.0,1.1105347871780396,4.93359375
64,Sleep_rest_EEG_fMRI_OpenNeuro_ds003768,sub-03,ses-nosession,sub-03_ses-nosession_rest_rest_run-1,/home/sudaxin/projects/paired_data/data/pooled_raw_schaefer100_mni_proxy_full_mask_min80/run_cache/Sleep_rest_EEG_fMRI_OpenNeuro_ds003768/sub-03_ses-nosession_rest_rest_run-1.npz,mni_proxy_ants_schaefer100,281,279,0.9928825622775801,32,30,126240,100,1.0,1.0,1.0,0.9999995231628418,0.0,0.9968846440315247,4.33203125
65,Sleep_rest_EEG_fMRI_OpenNeuro_ds003768,sub-04,ses-nosession,sub-04_ses-nosession_rest_rest_run-1,/home/sudaxin/projects/paired_data/data/pooled_raw_schaefer100_mni_proxy_full_mask_min80/run_cache/Sleep_rest_EEG_fMRI_OpenNeuro_ds003768/sub-04_ses-nosession_rest_rest_run-1.npz,mni_proxy_ants_schaefer100,281,279,0.9928825622775801,32,30,142580,100,1.0,1.0,1.0,0.9999995231628418,0.0,1.1468290090560913,5.29296875
66,Sleep_rest_EEG_fMRI_OpenNeuro_ds003768,sub-05,ses-nosession,sub-05_ses-nosession_rest_rest_run-1,/home/sudaxin/projects/paired_data/data/pooled_raw_schaefer100_mni_proxy_full_mask_min80/run_cache/Sleep_rest_EEG_fMRI_OpenNeuro_ds003768/sub-05_ses-nosession_rest_rest_run-1.npz,mni_proxy_ants_schaefer100,281,279,0.9928825622775801,32,30,127000,100,1.0,1.0,1.0,0.9999995827674866,0.0,1.0334727764129639,4.40234375
67,Sleep_rest_EEG_fMRI_OpenNeuro_ds003768,sub-06,ses-nosession,sub-06_ses-nosession_rest_rest_run-1,/home/sudaxin/projects/paired_data/data/pooled_raw_schaefer100_mni_proxy_full_mask_min80/run_cache/Sleep_rest_EEG_fMRI_OpenNeuro_ds003768/sub-06_ses-nosession_rest_rest_run-1.npz,mni_proxy_ants_schaefer100,281,279,0.9928825622775801,32,30,122748,100,1.0,1.0,1.0,0.9999995231628418,0.0,1.034822940826416,4.53125
68,Sleep_rest_EEG_fMRI_OpenNeuro_ds003768,sub-07,ses-nosession,sub-07_ses-nosession_rest_rest_run-1,/home/sudaxin/projects/paired_data/data/pooled_raw_schaefer100_mni_proxy_full_mask_min80/run_cache/Sleep_rest_EEG_fMRI_OpenNeuro_ds003768/sub-07_ses-nosession_rest_rest_run-1.npz,mni_proxy_ants_schaefer100,281,279,0.9928825622775801,32,30,135504,100,1.0,1.0,1.0,0.9999997019767761,0.0,1.1716248989105225,8.0
69,Sleep_rest_EEG_fMRI_OpenNeuro_ds003768,sub-08,ses-nosession,sub-08_ses-nosession_rest_rest_run-1,/home/sudaxin/projects/paired_data/data/pooled_raw_schaefer100_mni_proxy_full_mask_min80/run_cache/Sleep_rest_EEG_fMRI_OpenNeuro_ds003768/sub-08_ses-nosession_rest_rest_run-1.npz,mni_proxy_ants_schaefer100,281,279,0.9928825622775801,32,30,123056,100,1.0,1.0,1.0,0.9999994039535522,0.0,1.090104341506958,4.88671875
70,Sleep_rest_EEG_fMRI_OpenNeuro_ds003768,sub-09,ses-nosession,sub-09_ses-nosession_rest_rest_run-1,/home/sudaxin/projects/paired_data/data/pooled_raw_schaefer100_mni_proxy_full_mask_min80/run_cache/Sleep_rest_EEG_fMRI_OpenNeuro_ds003768/sub-09_ses-nosession_rest_rest_run-1.npz,mni_proxy_ants_schaefer100,281,279,0.9928825622775801,32,30,139652,100,1.0,1.0,1.0,0.9999995231628418,0.0,1.1518596410751343,5.4453125
71,Sleep_rest_EEG_fMRI_OpenNeuro_ds003768,sub-10,ses-nosession,sub-10_ses-nosession_rest_rest_run-1,/home/sudaxin/projects/paired_data/data/pooled_raw_schaefer100_mni_proxy_full_mask_min80/run_cache/Sleep_rest_EEG_fMRI_OpenNeuro_ds003768/sub-10_ses-nosession_rest_rest_run-1.npz,mni_proxy_ants_schaefer100,281,279,0.9928825622775801,32,30,127748,100,1.0,1.0,1.0,0.9999995827674866,0.0,1.085283875465393,4.9453125
72,Sleep_rest_EEG_fMRI_OpenNeuro_ds003768,sub-11,ses-nosession,sub-11_ses-nosession_rest_rest_run-1,/home/sudaxin/projects/paired_data/data/pooled_raw_schaefer100_mni_proxy_full_mask_min80/run_cache/Sleep_rest_EEG_fMRI_OpenNeuro_ds003768/sub-11_ses-nosession_rest_rest_run-1.npz,mni_proxy_ants_schaefer100,281,279,0.9928825622775801,32,30,127652,100,1.0,1.0,1.0,0.9999995231628418,0.0,1.1000423431396484,5.2265625
73,Sleep_rest_EEG_fMRI_OpenNeuro_ds003768,sub-12,ses-nosession,sub-12_ses-nosession_rest_rest_run-1,/home/sudaxin/projects/paired_data/data/pooled_raw_schaefer100_mni_proxy_full_mask_min80/run_cache/Sleep_rest_EEG_fMRI_OpenNeuro_ds003768/sub-12_ses-nosession_rest_rest_run-1.npz,mni_proxy_ants_schaefer100,281,279,0.9928825622775801,32,30,126580,100,1.0,1.0,1.0,0.9999995231628418,0.0,1.0323928594589233,4.359375
74,Sleep_rest_EEG_fMRI_OpenNeuro_ds003768,sub-13,ses-nosession,sub-13_ses-nosession_rest_rest_run-1,/home/sudaxin/projects/paired_data/data/pooled_raw_schaefer100_mni_proxy_full_mask_min80/run_cache/Sleep_rest_EEG_fMRI_OpenNeuro_ds003768/sub-13_ses-nosession_rest_rest_run-1.npz,mni_proxy_ants_schaefer100,281,279,0.9928825622775801,32,30,126768,100,1.0,1.0,1.0,0.9999993443489075,0.0,1.0359036922454834,4.38671875
75,Sleep_rest_EEG_fMRI_OpenNeuro_ds003768,sub-14,ses-nosession,sub-14_ses-nosession_rest_rest_run-1,/home/sudaxin/projects/paired_data/data/pooled_raw_schaefer100_mni_proxy_full_mask_min80/run_cache/Sleep_rest_EEG_fMRI_OpenNeuro_ds003768/sub-14_ses-nosession_rest_rest_run-1.npz,mni_proxy_ants_schaefer100,281,279,0.9928825622775801,32,30,126912,100,1.0,1.0,1.0,0.9999995827674866,0.0,1.074226975440979,4.9921875
76,Sleep_rest_EEG_fMRI_OpenNeuro_ds003768,sub-15,ses-nosession,sub-15_ses-nosession_rest_rest_run-1,/home/sudaxin/projects/paired_data/data/pooled_raw_schaefer100_mni_proxy_full_mask_min80/run_cache/Sleep_rest_EEG_fMRI_OpenNeuro_ds003768/sub-15_ses-nosession_rest_rest_run-1.npz,mni_proxy_ants_schaefer100,281,279,0.9928825622775801,32,30,126668,100,1.0,1.0,1.0,0.9999995231628418,0.0,1.0461853742599487,4.328125
77,Sleep_rest_EEG_fMRI_OpenNeuro_ds003768,sub-16,ses-nosession,sub-16_ses-nosession_rest_rest_run-1,/home/sudaxin/projects/paired_data/data/pooled_raw_schaefer100_mni_proxy_full_mask_min80/run_cache/Sleep_rest_EEG_fMRI_OpenNeuro_ds003768/sub-16_ses-nosession_rest_rest_run-1.npz,mni_proxy_ants_schaefer100,281,279,0.9928825622775801,32,30,125332,100,1.0,1.0,1.0,0.9999995231628418,0.0,1.0671082735061646,4.77734375
78,Sleep_rest_EEG_fMRI_OpenNeuro_ds003768,sub-17,ses-nosession,sub-17_ses-nosession_rest_rest_run-1,/home/sudaxin/projects/paired_data/data/pooled_raw_schaefer100_mni_proxy_full_mask_min80/run_cache/Sleep_rest_EEG_fMRI_OpenNeuro_ds003768/sub-17_ses-nosession_rest_rest_run-1.npz,mni_proxy_ants_schaefer100,281,279,0.9928825622775801,32,30,126320,100,1.0,1.0,1.0,0.9999995231628418,0.0,1.0791194438934326,5.01171875
79,Sleep_rest_EEG_fMRI_OpenNeuro_ds003768,sub-18,ses-nosession,sub-18_ses-nosession_rest_rest_run-1,/home/sudaxin/projects/paired_data/data/pooled_raw_schaefer100_mni_proxy_full_mask_min80/run_cache/Sleep_rest_EEG_fMRI_OpenNeuro_ds003768/sub-18_ses-nosession_rest_rest_run-1.npz,mni_proxy_ants_schaefer100,281,279,0.9928825622775801,32,30,123484,100,1.0,1.0,1.0,0.9999995231628418,0.0,1.0722641944885254,5.31640625
80,Sleep_rest_EEG_fMRI_OpenNeuro_ds003768,sub-19,ses-nosession,sub-19_ses-nosession_rest_rest_run-1,/home/sudaxin/projects/paired_data/data/pooled_raw_schaefer100_mni_proxy_full_mask_min80/run_cache/Sleep_rest_EEG_fMRI_OpenNeuro_ds003768/sub-19_ses-nosession_rest_rest_run-1.npz,mni_proxy_ants_schaefer100,281,279,0.9928825622775801,32,30,123332,100,1.0,1.0,1.0,0.9999991655349731,0.0,1.0453227758407593,4.84375
81,Sleep_rest_EEG_fMRI_OpenNeuro_ds003768,sub-20,ses-nosession,sub-20_ses-nosession_rest_rest_run-1,/home/sudaxin/projects/paired_data/data/pooled_raw_schaefer100_mni_proxy_full_mask_min80/run_cache/Sleep_rest_EEG_fMRI_OpenNeuro_ds003768/sub-20_ses-nosession_rest_rest_run-1.npz,mni_proxy_ants_schaefer100,281,279,0.9928825622775801,32,30,131232,100,1.0,1.0,1.0,0.9999995827674866,0.0,1.0548975467681885,4.828125
82,Sleep_rest_EEG_fMRI_OpenNeuro_ds003768,sub-21,ses-nosession,sub-21_ses-nosession_rest_rest_run-1,/home/sudaxin/projects/paired_data/data/pooled_raw_schaefer100_mni_proxy_full_mask_min80/run_cache/Sleep_rest_EEG_fMRI_OpenNeuro_ds003768/sub-21_ses-nosession_rest_rest_run-1.npz,mni_proxy_ants_schaefer100,281,279,0.9928825622775801,32,30,127124,100,1.0,1.0,1.0,0.9999995231628418,0.0,1.0196220874786377,4.23046875
83,Sleep_rest_EEG_fMRI_OpenNeuro_ds003768,sub-22,ses-nosession,sub-22_ses-nosession_rest_rest_run-1,/home/sudaxin/projects/paired_data/data/pooled_raw_schaefer100_mni_proxy_full_mask_min80/run_cache/Sleep_rest_EEG_fMRI_OpenNeuro_ds003768/sub-22_ses-nosession_rest_rest_run-1.npz,mni_proxy_ants_schaefer100,281,279,0.9928825622775801,32,30,144280,100,1.0,1.0,1.0,0.9999996423721313,0.0,1.1322275400161743,5.30078125
84,Sleep_rest_EEG_fMRI_OpenNeuro_ds003768,sub-23,ses-nosession,sub-23_ses-nosession_rest_rest_run-1,/home/sudaxin/projects/paired_data/data/pooled_raw_schaefer100_mni_proxy_full_mask_min80/run_cache/Sleep_rest_EEG_fMRI_OpenNeuro_ds003768/sub-23_ses-nosession_rest_rest_run-1.npz,mni_proxy_ants_schaefer100,281,279,0.9928825622775801,32,30,132296,100,1.0,1.0,1.0,0.9999995231628418,0.0,1.1052976846694946,5.2265625
85,Sleep_rest_EEG_fMRI_OpenNeuro_ds003768,sub-24,ses-nosession,sub-24_ses-nosession_rest_rest_run-1,/home/sudaxin/projects/paired_data/data/pooled_raw_schaefer100_mni_proxy_full_mask_min80/run_cache/Sleep_rest_EEG_fMRI_OpenNeuro_ds003768/sub-24_ses-nosession_rest_rest_run-1.npz,mni_proxy_ants_schaefer100,281,279,0.9928825622775801,32,30,130572,100,1.0,1.0,1.0,0.9999995231628418,0.0,1.0970805883407593,5.0
86,Sleep_rest_EEG_fMRI_OpenNeuro_ds003768,sub-25,ses-nosession,sub-25_ses-nosession_rest_rest_run-1,/home/sudaxin/projects/paired_data/data/pooled_raw_schaefer100_mni_proxy_full_mask_min80/run_cache/Sleep_rest_EEG_fMRI_OpenNeuro_ds003768/sub-25_ses-nosession_rest_rest_run-1.npz,mni_proxy_ants_schaefer100,281,279,0.9928825622775801,32,30,139356,100,1.0,1.0,1.0,0.9999995827674866,0.0,1.1307858228683472,5.2109375
87,Sleep_rest_EEG_fMRI_OpenNeuro_ds003768,sub-26,ses-nosession,sub-26_ses-nosession_rest_rest_run-1,/home/sudaxin/projects/paired_data/data/pooled_raw_schaefer100_mni_proxy_full_mask_min80/run_cache/Sleep_rest_EEG_fMRI_OpenNeuro_ds003768/sub-26_ses-nosession_rest_rest_run-1.npz,mni_proxy_ants_schaefer100,281,279,0.9928825622775801,32,30,157360,100,1.0,1.0,1.0,0.9999995827674866,0.0,1.191943883895874,5.87890625
88,Sleep_rest_EEG_fMRI_OpenNeuro_ds003768,sub-27,ses-nosession,sub-27_ses-nosession_rest_rest_run-1,/home/sudaxin/projects/paired_data/data/pooled_raw_schaefer100_mni_proxy_full_mask_min80/run_cache/Sleep_rest_EEG_fMRI_OpenNeuro_ds003768/sub-27_ses-nosession_rest_rest_run-1.npz,mni_proxy_ants_schaefer100,281,279,0.9928825622775801,32,30,129428,100,1.0,1.0,1.0,0.9999995231628418,0.0,1.0537776947021484,4.703125
89,Sleep_rest_EEG_fMRI_OpenNeuro_ds003768,sub-28,ses-nosession,sub-28_ses-nosession_rest_rest_run-1,/home/sudaxin/projects/paired_data/data/pooled_raw_schaefer100_mni_proxy_full_mask_min80/run_cache/Sleep_rest_EEG_fMRI_OpenNeuro_ds003768/sub-28_ses-nosession_rest_rest_run-1.npz,mni_proxy_ants_schaefer100,281,279,0.9928825622775801,32,30,130716,100,1.0,1.0,1.0,0.9999994039535522,0.0,1.0761827230453491,5.0859375
90,Sleep_rest_EEG_fMRI_OpenNeuro_ds003768,sub-29,ses-nosession,sub-29_ses-nosession_rest_rest_run-1,/home/sudaxin/projects/paired_data/data/pooled_raw_schaefer100_mni_proxy_full_mask_min80/run_cache/Sleep_rest_EEG_fMRI_OpenNeuro_ds003768/sub-29_ses-nosession_rest_rest_run-1.npz,mni_proxy_ants_schaefer100,281,279,0.9928825622775801,32,30,123508,100,1.0,1.0,1.0,0.9999995827674866,0.0,1.0151212215423584,4.25
91,Sleep_rest_EEG_fMRI_OpenNeuro_ds003768,sub-30,ses-nosession,sub-30_ses-nosession_rest_rest_run-1,/home/sudaxin/projects/paired_data/data/pooled_raw_schaefer100_mni_proxy_full_mask_min80/run_cache/Sleep_rest_EEG_fMRI_OpenNeuro_ds003768/sub-30_ses-nosession_rest_rest_run-1.npz,mni_proxy_ants_schaefer100,281,279,0.9928825622775801,32,30,126928,100,1.0,1.0,1.0,0.9999995231628418,0.0,1.0632226467132568,5.109375
92,Sleep_rest_EEG_fMRI_OpenNeuro_ds003768,sub-31,ses-nosession,sub-31_ses-nosession_rest_rest_run-1,/home/sudaxin/projects/paired_data/data/pooled_raw_schaefer100_mni_proxy_full_mask_min80/run_cache/Sleep_rest_EEG_fMRI_OpenNeuro_ds003768/sub-31_ses-nosession_rest_rest_run-1.npz,mni_proxy_ants_schaefer100,281,279,0.9928825622775801,32,30,129992,100,1.0,1.0,1.0,0.9999995827674866,0.0,1.0971641540527344,5.0703125
93,Sleep_rest_EEG_fMRI_OpenNeuro_ds003768,sub-32,ses-nosession,sub-32_ses-nosession_rest_rest_run-1,/home/sudaxin/projects/paired_data/data/pooled_raw_schaefer100_mni_proxy_full_mask_min80/run_cache/Sleep_rest_EEG_fMRI_OpenNeuro_ds003768/sub-32_ses-nosession_rest_rest_run-1.npz,mni_proxy_ants_schaefer100,281,279,0.9928825622775801,32,30,130880,100,1.0,1.0,1.0,0.9999995827674866,0.0,1.0734858512878418,4.9609375
94,Sleep_rest_EEG_fMRI_OpenNeuro_ds003768,sub-33,ses-nosession,sub-33_ses-nosession_rest_rest_run-1,/home/sudaxin/projects/paired_data/data/pooled_raw_schaefer100_mni_proxy_full_mask_min80/run_cache/Sleep_rest_EEG_fMRI_OpenNeuro_ds003768/sub-33_ses-nosession_rest_rest_run-1.npz,mni_proxy_ants_schaefer100,281,279,0.9928825622775801,32,30,128548,100,1.0,1.0,1.0,0.9999996423721313,0.0,1.066839575767517,5.015625
95,Speeded_perceptual_judgments_confidence_OpenNeuro_ds002158,sub-02,ses-001,sub-02_ses-001_main_main_run-001,/home/sudaxin/projects/paired_data/data/pooled_raw_schaefer100_mni_proxy_full_mask_min80/run_cache/Speeded_perceptual_judgments_confidence_OpenNeuro_ds002158/sub-02_ses-001_main_main_run-001.npz,mni_proxy_ants_schaefer100,367,364,0.9918256130790191,64,63,102400,100,1.0,1.0,1.0,0.9999995231628418,0.0,1.2222284078598022,7.390625
96,Speeded_perceptual_judgments_confidence_OpenNeuro_ds002158,sub-04,ses-001,sub-04_ses-001_main_main_run-001,/home/sudaxin/projects/paired_data/data/pooled_raw_schaefer100_mni_proxy_full_mask_min80/run_cache/Speeded_perceptual_judgments_confidence_OpenNeuro_ds002158/sub-04_ses-001_main_main_run-001.npz,mni_proxy_ants_schaefer100,365,362,0.9917808219178083,64,63,122036,100,1.0,1.0,1.0,0.999999463558197,0.0,1.3907513618469238,8.0
97,Speeded_perceptual_judgments_confidence_OpenNeuro_ds002158,sub-07,ses-001,sub-07_ses-001_main_main_run-001,/home/sudaxin/projects/paired_data/data/pooled_raw_schaefer100_mni_proxy_full_mask_min80/run_cache/Speeded_perceptual_judgments_confidence_OpenNeuro_ds002158/sub-07_ses-001_main_main_run-001.npz,mni_proxy_ants_schaefer100,365,362,0.9917808219178083,64,63,99828,100,1.0,1.0,1.0,0.9999993443489075,0.0,1.290623426437378,7.87890625
98,Speeded_perceptual_judgments_confidence_OpenNeuro_ds002158,sub-08,ses-001,sub-08_ses-001_main_main_run-001,/home/sudaxin/projects/paired_data/data/pooled_raw_schaefer100_mni_proxy_full_mask_min80/run_cache/Speeded_perceptual_judgments_confidence_OpenNeuro_ds002158/sub-08_ses-001_main_main_run-001.npz,mni_proxy_ants_schaefer100,365,362,0.9917808219178083,64,63,116492,100,1.0,1.0,1.0,0.999999463558197,0.0,1.277942419052124,8.0
99,Speeded_perceptual_judgments_confidence_OpenNeuro_ds002158,sub-09,ses-001,sub-09_ses-001_main_main_run-001,/home/sudaxin/projects/paired_data/data/pooled_raw_schaefer100_mni_proxy_full_mask_min80/run_cache/Speeded_perceptual_judgments_confidence_OpenNeuro_ds002158/sub-09_ses-001_main_main_run-001.npz,mni_proxy_ants_schaefer100,365,362,0.9917808219178083,64,63,108112,100,1.0,1.0,1.0,0.9999993443489075,0.0,1.4220837354660034,8.0
100,Speeded_perceptual_judgments_confidence_OpenNeuro_ds002158,sub-10,ses-001,sub-10_ses-001_main_main_run-001,/home/sudaxin/projects/paired_data/data/pooled_raw_schaefer100_mni_proxy_full_mask_min80/run_cache/Speeded_perceptual_judgments_confidence_OpenNeuro_ds002158/sub-10_ses-001_main_main_run-001.npz,mni_proxy_ants_schaefer100,365,362,0.9917808219178083,64,63,99660,100,1.0,1.0,1.0,0.9999993443489075,0.0,1.3392518758773804,8.0
101,Speeded_perceptual_judgments_confidence_OpenNeuro_ds002158,sub-11,ses-001,sub-11_ses-001_main_main_run-001,/home/sudaxin/projects/paired_data/data/pooled_raw_schaefer100_mni_proxy_full_mask_min80/run_cache/Speeded_perceptual_judgments_confidence_OpenNeuro_ds002158/sub-11_ses-001_main_main_run-001.npz,mni_proxy_ants_schaefer100,365,362,0.9917808219178083,64,63,100012,100,1.0,1.0,1.0,0.9999993443489075,0.0,1.355726718902588,8.0
102,Speeded_perceptual_judgments_confidence_OpenNeuro_ds002158,sub-12,ses-001,sub-12_ses-001_main_main_run-001,/home/sudaxin/projects/paired_data/data/pooled_raw_schaefer100_mni_proxy_full_mask_min80/run_cache/Speeded_perceptual_judgments_confidence_OpenNeuro_ds002158/sub-12_ses-001_main_main_run-001.npz,mni_proxy_ants_schaefer100,365,362,0.9917808219178083,64,63,98324,100,1.0,1.0,1.0,0.9999994039535522,0.0,1.3632475137710571,8.0
103,Speeded_perceptual_judgments_confidence_OpenNeuro_ds002158,sub-13,ses-001,sub-13_ses-001_main_main_run-001,/home/sudaxin/projects/paired_data/data/pooled_raw_schaefer100_mni_proxy_full_mask_min80/run_cache/Speeded_perceptual_judgments_confidence_OpenNeuro_ds002158/sub-13_ses-001_main_main_run-001.npz,mni_proxy_ants_schaefer100,365,362,0.9917808219178083,64,63,168148,100,1.0,1.0,1.0,0.999999463558197,0.0,1.440718173980713,8.0
104,Speeded_perceptual_judgments_confidence_OpenNeuro_ds002158,sub-14,ses-001,sub-14_ses-001_main_main_run-005,/home/sudaxin/projects/paired_data/data/pooled_raw_schaefer100_mni_proxy_full_mask_min80/run_cache/Speeded_perceptual_judgments_confidence_OpenNeuro_ds002158/sub-14_ses-001_main_main_run-005.npz,mni_proxy_ants_schaefer100,365,362,0.9917808219178083,64,63,97988,100,1.0,1.0,1.0,0.999999463558197,0.0,1.2638601064682007,7.46484375
105,Speeded_perceptual_judgments_confidence_OpenNeuro_ds002158,sub-15,ses-001,sub-15_ses-001_main_main_run-001,/home/sudaxin/projects/paired_data/data/pooled_raw_schaefer100_mni_proxy_full_mask_min80/run_cache/Speeded_perceptual_judgments_confidence_OpenNeuro_ds002158/sub-15_ses-001_main_main_run-001.npz,mni_proxy_ants_schaefer100,365,362,0.9917808219178083,64,63,112536,100,1.0,1.0,1.0,0.999999463558197,0.0,1.3179718255996704,8.0
106,Speeded_perceptual_judgments_confidence_OpenNeuro_ds002158,sub-16,ses-001,sub-16_ses-001_main_main_run-001,/home/sudaxin/projects/paired_data/data/pooled_raw_schaefer100_mni_proxy_full_mask_min80/run_cache/Speeded_perceptual_judgments_confidence_OpenNeuro_ds002158/sub-16_ses-001_main_main_run-001.npz,mni_proxy_ants_schaefer100,365,362,0.9917808219178083,64,63,104216,100,1.0,1.0,1.0,0.999999463558197,0.0,1.2426711320877075,7.55859375
107,Speeded_perceptual_judgments_confidence_OpenNeuro_ds002158,sub-17,ses-001,sub-17_ses-001_main_main_run-001,/home/sudaxin/projects/paired_data/data/pooled_raw_schaefer100_mni_proxy_full_mask_min80/run_cache/Speeded_perceptual_judgments_confidence_OpenNeuro_ds002158/sub-17_ses-001_main_main_run-001.npz,mni_proxy_ants_schaefer100,365,362,0.9917808219178083,64,63,99764,100,1.0,1.0,1.0,0.999999463558197,0.0,1.18162202835083,5.23046875
108,Speeded_perceptual_judgments_confidence_OpenNeuro_ds002158,sub-18,ses-001,sub-18_ses-001_main_main_run-001,/home/sudaxin/projects/paired_data/data/pooled_raw_schaefer100_mni_proxy_full_mask_min80/run_cache/Speeded_perceptual_judgments_confidence_OpenNeuro_ds002158/sub-18_ses-001_main_main_run-001.npz,mni_proxy_ants_schaefer100,365,362,0.9917808219178083,64,63,105872,100,1.0,1.0,1.0,0.9999992251396179,0.0,1.3144944906234741,8.0
109,Speeded_perceptual_judgments_confidence_OpenNeuro_ds002158,sub-19,ses-001,sub-19_ses-001_main_main_run-001,/home/sudaxin/projects/paired_data/data/pooled_raw_schaefer100_mni_proxy_full_mask_min80/run_cache/Speeded_perceptual_judgments_confidence_OpenNeuro_ds002158/sub-19_ses-001_main_main_run-001.npz,mni_proxy_ants_schaefer100,311,305,0.9807073954983923,64,63,81280,100,1.0,1.0,1.0,0.9999995827674866,0.0,1.406053900718689,8.0
110,Speeded_perceptual_judgments_confidence_OpenNeuro_ds002158,sub-20,ses-001,sub-20_ses-001_main_main_run-007,/home/sudaxin/projects/paired_data/data/pooled_raw_schaefer100_mni_proxy_full_mask_min80/run_cache/Speeded_perceptual_judgments_confidence_OpenNeuro_ds002158/sub-20_ses-001_main_main_run-007.npz,mni_proxy_ants_schaefer100,365,362,0.9917808219178083,64,63,99996,100,1.0,1.0,1.0,0.999999463558197,0.0,1.2662400007247925,7.546875
111,Speeded_perceptual_judgments_confidence_OpenNeuro_ds002158,sub-21,ses-001,sub-21_ses-001_main_main_run-001,/home/sudaxin/projects/paired_data/data/pooled_raw_schaefer100_mni_proxy_full_mask_min80/run_cache/Speeded_perceptual_judgments_confidence_OpenNeuro_ds002158/sub-21_ses-001_main_main_run-001.npz,mni_proxy_ants_schaefer100,365,362,0.9917808219178083,64,63,99924,100,1.0,1.0,1.0,0.9999995827674866,0.0,1.2651382684707642,6.90234375
112,Speeded_perceptual_judgments_confidence_OpenNeuro_ds002158,sub-22,ses-001,sub-22_ses-001_main_main_run-001,/home/sudaxin/projects/paired_data/data/pooled_raw_schaefer100_mni_proxy_full_mask_min80/run_cache/Speeded_perceptual_judgments_confidence_OpenNeuro_ds002158/sub-22_ses-001_main_main_run-001.npz,mni_proxy_ants_schaefer100,365,362,0.9917808219178083,64,63,99356,100,1.0,1.0,1.0,0.9999993443489075,0.0,1.3387900590896606,8.0
113,Speeded_perceptual_judgments_confidence_OpenNeuro_ds002158,sub-26,ses-001,sub-26_ses-001_main_main_run-001,/home/sudaxin/projects/paired_data/data/pooled_raw_schaefer100_mni_proxy_full_mask_min80/run_cache/Speeded_perceptual_judgments_confidence_OpenNeuro_ds002158/sub-26_ses-001_main_main_run-001.npz,mni_proxy_ants_schaefer100,365,362,0.9917808219178083,64,63,114188,100,1.0,1.0,1.0,0.9999993443489075,0.0,1.4737825393676758,8.0
114,gradCPT_simultaneous_EEG_fMRI_DTI_OpenNeuro_ds006040,sub-001,ses-nosession,sub-001_ses-nosession_CBOFF_CBOFF_run-1,/home/sudaxin/projects/paired_data/data/pooled_raw_schaefer100_mni_proxy_full_mask_min80/run_cache/gradCPT_simultaneous_EEG_fMRI_DTI_OpenNeuro_ds006040/sub-001_ses-nosession_CBOFF_CBOFF_run-1.npz,mni_proxy_ants_schaefer100,150,146,0.9733333333333334,64,63,61548,100,1.0,1.0,1.0,0.9999995827674866,0.0,0.962567925453186,4.48828125
115,gradCPT_simultaneous_EEG_fMRI_DTI_OpenNeuro_ds006040,sub-002,ses-nosession,sub-002_ses-nosession_CBOFF_CBOFF_run-1,/home/sudaxin/projects/paired_data/data/pooled_raw_schaefer100_mni_proxy_full_mask_min80/run_cache/gradCPT_simultaneous_EEG_fMRI_DTI_OpenNeuro_ds006040/sub-002_ses-nosession_CBOFF_CBOFF_run-1.npz,mni_proxy_ants_schaefer100,105,101,0.9619047619047619,64,63,43648,100,1.0,1.0,1.0,0.9999996423721313,0.0,0.935249924659729,4.265625
116,gradCPT_simultaneous_EEG_fMRI_DTI_OpenNeuro_ds006040,sub-004,ses-nosession,sub-004_ses-nosession_CBOFF_CBOFF_run-1,/home/sudaxin/projects/paired_data/data/pooled_raw_schaefer100_mni_proxy_full_mask_min80/run_cache/gradCPT_simultaneous_EEG_fMRI_DTI_OpenNeuro_ds006040/sub-004_ses-nosession_CBOFF_CBOFF_run-1.npz,mni_proxy_ants_schaefer100,104,100,0.9615384615384616,64,63,43120,100,1.0,1.0,1.0,0.9999997019767761,0.0,0.9585701823234558,4.2109375
117,gradCPT_simultaneous_EEG_fMRI_DTI_OpenNeuro_ds006040,sub-005,ses-nosession,sub-005_ses-nosession_CBOFF_CBOFF_run-1,/home/sudaxin/projects/paired_data/data/pooled_raw_schaefer100_mni_proxy_full_mask_min80/run_cache/gradCPT_simultaneous_EEG_fMRI_DTI_OpenNeuro_ds006040/sub-005_ses-nosession_CBOFF_CBOFF_run-1.npz,mni_proxy_ants_schaefer100,108,104,0.9629629629629629,64,63,44728,100,1.0,1.0,1.0,0.9999997615814209,0.0,0.909970760345459,3.880859375
118,gradCPT_simultaneous_EEG_fMRI_DTI_OpenNeuro_ds006040,sub-006,ses-nosession,sub-006_ses-nosession_CBOFF_CBOFF_run-1,/home/sudaxin/projects/paired_data/data/pooled_raw_schaefer100_mni_proxy_full_mask_min80/run_cache/gradCPT_simultaneous_EEG_fMRI_DTI_OpenNeuro_ds006040/sub-006_ses-nosession_CBOFF_CBOFF_run-1.npz,mni_proxy_ants_schaefer100,108,104,0.9629629629629629,64,63,44996,100,1.0,1.0,1.0,0.9999995827674866,0.0,0.8932426571846008,4.51953125
119,gradCPT_simultaneous_EEG_fMRI_DTI_OpenNeuro_ds006040,sub-007,ses-nosession,sub-007_ses-nosession_CBOFF_CBOFF_run-1,/home/sudaxin/projects/paired_data/data/pooled_raw_schaefer100_mni_proxy_full_mask_min80/run_cache/gradCPT_simultaneous_EEG_fMRI_DTI_OpenNeuro_ds006040/sub-007_ses-nosession_CBOFF_CBOFF_run-1.npz,mni_proxy_ants_schaefer100,185,183,0.9891891891891892,64,63,79692,100,1.0,1.0,1.0,0.9999996423721313,0.0,0.927135705947876,3.9296875
120,gradCPT_simultaneous_EEG_fMRI_DTI_OpenNeuro_ds006040,sub-008,ses-nosession,sub-008_ses-nosession_CBOFF_CBOFF_run-1,/home/sudaxin/projects/paired_data/data/pooled_raw_schaefer100_mni_proxy_full_mask_min80/run_cache/gradCPT_simultaneous_EEG_fMRI_DTI_OpenNeuro_ds006040/sub-008_ses-nosession_CBOFF_CBOFF_run-1.npz,mni_proxy_ants_schaefer100,112,108,0.9642857142857143,64,63,46344,100,1.0,1.0,1.0,0.9999996423721313,0.0,0.8793326020240784,3.59375
121,gradCPT_simultaneous_EEG_fMRI_DTI_OpenNeuro_ds006040,sub-009,ses-nosession,sub-009_ses-nosession_CBOFF_CBOFF_run-1,/home/sudaxin/projects/paired_data/data/pooled_raw_schaefer100_mni_proxy_full_mask_min80/run_cache/gradCPT_simultaneous_EEG_fMRI_DTI_OpenNeuro_ds006040/sub-009_ses-nosession_CBOFF_CBOFF_run-1.npz,mni_proxy_ants_schaefer100,105,101,0.9619047619047619,64,63,43712,100,1.0,1.0,1.0,0.9999997615814209,0.0,0.9403819441795349,4.37109375
122,gradCPT_simultaneous_EEG_fMRI_DTI_OpenNeuro_ds006040,sub-010,ses-nosession,sub-010_ses-nosession_CBOFF_CBOFF_run-1,/home/sudaxin/projects/paired_data/data/pooled_raw_schaefer100_mni_proxy_full_mask_min80/run_cache/gradCPT_simultaneous_EEG_fMRI_DTI_OpenNeuro_ds006040/sub-010_ses-nosession_CBOFF_CBOFF_run-1.npz,mni_proxy_ants_schaefer100,103,99,0.9611650485436893,64,63,42768,100,1.0,1.0,1.0,0.9999997019767761,0.0,0.9403029084205627,4.703125
123,gradCPT_simultaneous_EEG_fMRI_DTI_OpenNeuro_ds006040,sub-011,ses-nosession,sub-011_ses-nosession_CBOFF_CBOFF_run-1,/home/sudaxin/projects/paired_data/data/pooled_raw_schaefer100_mni_proxy_full_mask_min80/run_cache/gradCPT_simultaneous_EEG_fMRI_DTI_OpenNeuro_ds006040/sub-011_ses-nosession_CBOFF_CBOFF_run-1.npz,mni_proxy_ants_schaefer100,107,103,0.9626168224299065,64,63,44376,100,1.0,1.0,1.0,0.9999996423721313,0.0,0.9097914695739746,3.974609375
124,gradCPT_simultaneous_EEG_fMRI_DTI_OpenNeuro_ds006040,sub-012,ses-nosession,sub-012_ses-nosession_CBOFF_CBOFF_run-1,/home/sudaxin/projects/paired_data/data/pooled_raw_schaefer100_mni_proxy_full_mask_min80/run_cache/gradCPT_simultaneous_EEG_fMRI_DTI_OpenNeuro_ds006040/sub-012_ses-nosession_CBOFF_CBOFF_run-1.npz,mni_proxy_ants_schaefer100,106,102,0.9622641509433962,64,63,44180,100,1.0,1.0,1.0,0.9999997019767761,0.0,0.8651798367500305,3.60546875
125,gradCPT_simultaneous_EEG_fMRI_DTI_OpenNeuro_ds006040,sub-013,ses-nosession,sub-013_ses-nosession_CBOFF_CBOFF_run-1,/home/sudaxin/projects/paired_data/data/pooled_raw_schaefer100_mni_proxy_full_mask_min80/run_cache/gradCPT_simultaneous_EEG_fMRI_DTI_OpenNeuro_ds006040/sub-013_ses-nosession_CBOFF_CBOFF_run-1.npz,mni_proxy_ants_schaefer100,105,101,0.9619047619047619,64,63,43588,100,1.0,1.0,1.0,0.9999995231628418,0.0,0.8693152070045471,3.63671875
126,gradCPT_simultaneous_EEG_fMRI_DTI_OpenNeuro_ds006040,sub-014,ses-nosession,sub-014_ses-nosession_CBOFF_CBOFF_run-1,/home/sudaxin/projects/paired_data/data/pooled_raw_schaefer100_mni_proxy_full_mask_min80/run_cache/gradCPT_simultaneous_EEG_fMRI_DTI_OpenNeuro_ds006040/sub-014_ses-nosession_CBOFF_CBOFF_run-1.npz,mni_proxy_ants_schaefer100,106,102,0.9622641509433962,64,63,44112,100,1.0,1.0,1.0,0.9999996423721313,0.0,0.9062627553939819,4.109375
127,gradCPT_simultaneous_EEG_fMRI_DTI_OpenNeuro_ds006040,sub-015,ses-nosession,sub-015_ses-nosession_ECOFF_ECOFF_run-1,/home/sudaxin/projects/paired_data/data/pooled_raw_schaefer100_mni_proxy_full_mask_min80/run_cache/gradCPT_simultaneous_EEG_fMRI_DTI_OpenNeuro_ds006040/sub-015_ses-nosession_ECOFF_ECOFF_run-1.npz,mni_proxy_ants_schaefer100,101,97,0.9603960396039604,64,63,42140,100,1.0,1.0,1.0,0.9999995231628418,0.0,0.870171070098877,3.478515625
128,gradCPT_simultaneous_EEG_fMRI_DTI_OpenNeuro_ds006040,sub-016,ses-nosession,sub-016_ses-nosession_CBOFF_CBOFF_run-1,/home/sudaxin/projects/paired_data/data/pooled_raw_schaefer100_mni_proxy_full_mask_min80/run_cache/gradCPT_simultaneous_EEG_fMRI_DTI_OpenNeuro_ds006040/sub-016_ses-nosession_CBOFF_CBOFF_run-1.npz,mni_proxy_ants_schaefer100,129,125,0.9689922480620154,64,63,53072,100,1.0,1.0,1.0,0.9999996423721313,0.0,0.8496934175491333,3.24609375
129,gradCPT_simultaneous_EEG_fMRI_DTI_OpenNeuro_ds006040,sub-017,ses-nosession,sub-017_ses-nosession_CBOFF_CBOFF_run-1,/home/sudaxin/projects/paired_data/data/pooled_raw_schaefer100_mni_proxy_full_mask_min80/run_cache/gradCPT_simultaneous_EEG_fMRI_DTI_OpenNeuro_ds006040/sub-017_ses-nosession_CBOFF_CBOFF_run-1.npz,mni_proxy_ants_schaefer100,105,101,0.9619047619047619,64,63,43564,100,1.0,1.0,1.0,0.9999995231628418,0.0,0.8409691452980042,3.12109375
130,gradCPT_simultaneous_EEG_fMRI_DTI_OpenNeuro_ds006040,sub-018,ses-nosession,sub-018_ses-nosession_CBOFF_CBOFF_run-1,/home/sudaxin/projects/paired_data/data/pooled_raw_schaefer100_mni_proxy_full_mask_min80/run_cache/gradCPT_simultaneous_EEG_fMRI_DTI_OpenNeuro_ds006040/sub-018_ses-nosession_CBOFF_CBOFF_run-1.npz,mni_proxy_ants_schaefer100,110,106,0.9636363636363636,64,63,45780,100,1.0,1.0,1.0,0.9999997615814209,0.0,0.9317337870597839,4.41015625
131,gradCPT_simultaneous_EEG_fMRI_DTI_OpenNeuro_ds006040,sub-019,ses-nosession,sub-019_ses-nosession_CBOFF_CBOFF_run-1,/home/sudaxin/projects/paired_data/data/pooled_raw_schaefer100_mni_proxy_full_mask_min80/run_cache/gradCPT_simultaneous_EEG_fMRI_DTI_OpenNeuro_ds006040/sub-019_ses-nosession_CBOFF_CBOFF_run-1.npz,mni_proxy_ants_schaefer100,104,100,0.9615384615384616,64,63,43000,100,1.0,1.0,1.0,0.9999996423721313,0.0,1.001375675201416,6.3984375
132,gradCPT_simultaneous_EEG_fMRI_DTI_OpenNeuro_ds006040,sub-020,ses-nosession,sub-020_ses-nosession_CBOFF_CBOFF_run-1,/home/sudaxin/projects/paired_data/data/pooled_raw_schaefer100_mni_proxy_full_mask_min80/run_cache/gradCPT_simultaneous_EEG_fMRI_DTI_OpenNeuro_ds006040/sub-020_ses-nosession_CBOFF_CBOFF_run-1.npz,mni_proxy_ants_schaefer100,105,101,0.9619047619047619,64,63,43444,100,1.0,1.0,1.0,0.9999997019767761,0.0,0.9053412079811096,3.666015625
133,gradCPT_simultaneous_EEG_fMRI_DTI_OpenNeuro_ds006040,sub-021,ses-nosession,sub-021_ses-nosession_CBOFF_CBOFF_run-1,/home/sudaxin/projects/paired_data/data/pooled_raw_schaefer100_mni_proxy_full_mask_min80/run_cache/gradCPT_simultaneous_EEG_fMRI_DTI_OpenNeuro_ds006040/sub-021_ses-nosession_CBOFF_CBOFF_run-1.npz,mni_proxy_ants_schaefer100,103,99,0.9611650485436893,64,63,42776,100,1.0,1.0,1.0,0.9999995827674866,0.0,0.9223943948745728,4.07421875
134,gradCPT_simultaneous_EEG_fMRI_DTI_OpenNeuro_ds006040,sub-022,ses-nosession,sub-022_ses-nosession_CBOFF_CBOFF_run-1,/home/sudaxin/projects/paired_data/data/pooled_raw_schaefer100_mni_proxy_full_mask_min80/run_cache/gradCPT_simultaneous_EEG_fMRI_DTI_OpenNeuro_ds006040/sub-022_ses-nosession_CBOFF_CBOFF_run-1.npz,mni_proxy_ants_schaefer100,102,98,0.9607843137254902,64,63,42212,100,1.0,1.0,1.0,0.9999996423721313,0.0,0.8999963402748108,3.751953125
135,gradCPT_simultaneous_EEG_fMRI_DTI_OpenNeuro_ds006040,sub-023,ses-nosession,sub-023_ses-nosession_CBOFF_CBOFF_run-1,/home/sudaxin/projects/paired_data/data/pooled_raw_schaefer100_mni_proxy_full_mask_min80/run_cache/gradCPT_simultaneous_EEG_fMRI_DTI_OpenNeuro_ds006040/sub-023_ses-nosession_CBOFF_CBOFF_run-1.npz,mni_proxy_ants_schaefer100,102,98,0.9607843137254902,64,63,42256,100,1.0,1.0,1.0,0.9999997019767761,0.0,0.9441422820091248,4.046875
136,gradCPT_simultaneous_EEG_fMRI_DTI_OpenNeuro_ds006040,sub-024,ses-nosession,sub-024_ses-nosession_CBOFF_CBOFF_run-1,/home/sudaxin/projects/paired_data/data/pooled_raw_schaefer100_mni_proxy_full_mask_min80/run_cache/gradCPT_simultaneous_EEG_fMRI_DTI_OpenNeuro_ds006040/sub-024_ses-nosession_CBOFF_CBOFF_run-1.npz,mni_proxy_ants_schaefer100,104,100,0.9615384615384616,64,63,43000,100,1.0,1.0,1.0,0.9999998211860657,0.0,0.9736224412918091,4.8515625
137,gradCPT_simultaneous_EEG_fMRI_DTI_OpenNeuro_ds006040,sub-025,ses-nosession,sub-025_ses-nosession_CBOFF_CBOFF_run-1,/home/sudaxin/projects/paired_data/data/pooled_raw_schaefer100_mni_proxy_full_mask_min80/run_cache/gradCPT_simultaneous_EEG_fMRI_DTI_OpenNeuro_ds006040/sub-025_ses-nosession_CBOFF_CBOFF_run-1.npz,mni_proxy_ants_schaefer100,107,103,0.9626168224299065,64,63,44396,100,1.0,1.0,1.0,0.9999997615814209,0.0,0.890212893486023,3.8203125
138,gradCPT_simultaneous_EEG_fMRI_DTI_OpenNeuro_ds006040,sub-026,ses-nosession,sub-026_ses-nosession_CBOFF_CBOFF_run-1,/home/sudaxin/projects/paired_data/data/pooled_raw_schaefer100_mni_proxy_full_mask_min80/run_cache/gradCPT_simultaneous_EEG_fMRI_DTI_OpenNeuro_ds006040/sub-026_ses-nosession_CBOFF_CBOFF_run-1.npz,mni_proxy_ants_schaefer100,101,97,0.9603960396039604,64,63,42116,100,1.0,1.0,1.0,0.9999997019767761,0.0,0.9527623653411865,4.671875
139,gradCPT_simultaneous_EEG_fMRI_DTI_OpenNeuro_ds006040,sub-027,ses-nosession,sub-027_ses-nosession_CBOFF_CBOFF_run-1,/home/sudaxin/projects/paired_data/data/pooled_raw_schaefer100_mni_proxy_full_mask_min80/run_cache/gradCPT_simultaneous_EEG_fMRI_DTI_OpenNeuro_ds006040/sub-027_ses-nosession_CBOFF_CBOFF_run-1.npz,mni_proxy_ants_schaefer100,101,97,0.9603960396039604,64,63,42064,100,1.0,1.0,1.0,0.9999997615814209,0.0,0.9127178192138672,3.7109375
140,gradCPT_simultaneous_EEG_fMRI_DTI_OpenNeuro_ds006040,sub-028,ses-nosession,sub-028_ses-nosession_CBOFF_CBOFF_run-1,/home/sudaxin/projects/paired_data/data/pooled_raw_schaefer100_mni_proxy_full_mask_min80/run_cache/gradCPT_simultaneous_EEG_fMRI_DTI_OpenNeuro_ds006040/sub-028_ses-nosession_CBOFF_CBOFF_run-1.npz,mni_proxy_ants_schaefer100,127,123,0.968503937007874,64,63,52396,100,1.0,1.0,1.0,0.9999995231628418,0.0,0.9184194803237915,4.0078125
141,gradCPT_simultaneous_EEG_fMRI_DTI_OpenNeuro_ds006040,sub-029,ses-nosession,sub-029_ses-nosession_CBOFF_CBOFF_run-1,/home/sudaxin/projects/paired_data/data/pooled_raw_schaefer100_mni_proxy_full_mask_min80/run_cache/gradCPT_simultaneous_EEG_fMRI_DTI_OpenNeuro_ds006040/sub-029_ses-nosession_CBOFF_CBOFF_run-1.npz,mni_proxy_ants_schaefer100,108,104,0.9629629629629629,64,63,44640,100,1.0,1.0,1.0,0.9999997019767761,0.0,0.9137488603591919,4.21484375
142,natview,sub-01,ses-01,sub-01_ses-01_rest,/home/sudaxin/projects/paired_data/data/pooled_raw_schaefer100_mni_proxy_full_mask_min80/run_cache/natview/sub-01_ses-01_rest.npz,unknown_or_native,282,278,0.9858156028368794,59,59,120304,100,1.0,1.0,1.0,0.9999995231628418,0.0,0.8718497157096863,3.541015625
143,natview,sub-02,ses-01,sub-02_ses-01_rest,/home/sudaxin/projects/paired_data/data/pooled_raw_schaefer100_mni_proxy_full_mask_min80/run_cache/natview/sub-02_ses-01_rest.npz,unknown_or_native,285,282,0.9894736842105263,60,60,121588,100,1.0,1.0,1.0,0.999999463558197,0.0,0.8352316617965698,3.111328125
144,natview,sub-03,ses-01,sub-03_ses-01_rest,/home/sudaxin/projects/paired_data/data/pooled_raw_schaefer100_mni_proxy_full_mask_min80/run_cache/natview/sub-03_ses-01_rest.npz,unknown_or_native,280,276,0.9857142857142858,56,56,119103,100,1.0,1.0,1.0,0.9999994039535522,0.0,0.8360440731048584,3.09375
145,natview,sub-04,ses-01,sub-04_ses-01_rest,/home/sudaxin/projects/paired_data/data/pooled_raw_schaefer100_mni_proxy_full_mask_min80/run_cache/natview/sub-04_ses-01_rest.npz,unknown_or_native,288,286,0.9930555555555556,58,58,127648,100,1.0,1.0,1.0,0.9999995827674866,0.0,0.8447141051292419,3.220703125
146,natview,sub-05,ses-01,sub-05_ses-01_rest,/home/sudaxin/projects/paired_data/data/pooled_raw_schaefer100_mni_proxy_full_mask_min80/run_cache/natview/sub-05_ses-01_rest.npz,unknown_or_native,256,252,0.984375,58,58,109250,100,1.0,1.0,1.0,0.9999995827674866,0.0,0.8528818488121033,3.3203125
147,natview,sub-06,ses-01,sub-06_ses-01_rest,/home/sudaxin/projects/paired_data/data/pooled_raw_schaefer100_mni_proxy_full_mask_min80/run_cache/natview/sub-06_ses-01_rest.npz,unknown_or_native,280,276,0.9857142857142858,51,51,119099,100,1.0,1.0,1.0,0.9999995231628418,0.0,0.8251967430114746,2.9609375
148,natview,sub-07,ses-01,sub-07_ses-01_rest,/home/sudaxin/projects/paired_data/data/pooled_raw_schaefer100_mni_proxy_full_mask_min80/run_cache/natview/sub-07_ses-01_rest.npz,unknown_or_native,288,286,0.9930555555555556,56,56,172084,100,1.0,1.0,1.0,0.9999996423721313,0.0,0.8335158228874207,3.0703125
149,natview,sub-08,ses-01,sub-08_ses-01_rest,/home/sudaxin/projects/paired_data/data/pooled_raw_schaefer100_mni_proxy_full_mask_min80/run_cache/natview/sub-08_ses-01_rest.npz,unknown_or_native,265,261,0.9849056603773585,60,60,112882,100,1.0,1.0,1.0,0.9999995827674866,0.0,0.8329011797904968,3.03125
150,natview,sub-09,ses-01,sub-09_ses-01_rest,/home/sudaxin/projects/paired_data/data/pooled_raw_schaefer100_mni_proxy_full_mask_min80/run_cache/natview/sub-09_ses-01_rest.npz,unknown_or_native,234,230,0.9829059829059829,45,45,100050,100,1.0,1.0,1.0,0.9999996423721313,0.0,0.8343876004219055,3.083984375
151,natview,sub-10,ses-01,sub-10_ses-01_rest,/home/sudaxin/projects/paired_data/data/pooled_raw_schaefer100_mni_proxy_full_mask_min80/run_cache/natview/sub-10_ses-01_rest.npz,unknown_or_native,250,246,0.984,61,61,106610,100,1.0,1.0,1.0,0.9999995827674866,0.0,0.8285584449768066,2.994140625
152,natview,sub-11,ses-01,sub-11_ses-01_rest,/home/sudaxin/projects/paired_data/data/pooled_raw_schaefer100_mni_proxy_full_mask_min80/run_cache/natview/sub-11_ses-01_rest.npz,unknown_or_native,272,268,0.9852941176470589,60,60,115822,100,1.0,1.0,1.0,0.9999997019767761,0.0,0.8571628332138062,3.373046875
153,natview,sub-12,ses-01,sub-12_ses-01_rest,/home/sudaxin/projects/paired_data/data/pooled_raw_schaefer100_mni_proxy_full_mask_min80/run_cache/natview/sub-12_ses-01_rest.npz,unknown_or_native,271,267,0.985239852398524,57,57,115503,100,1.0,1.0,1.0,0.9999995231628418,0.0,0.8178110122680664,2.853515625
154,natview,sub-13,ses-01,sub-13_ses-01_rest,/home/sudaxin/projects/paired_data/data/pooled_raw_schaefer100_mni_proxy_full_mask_min80/run_cache/natview/sub-13_ses-01_rest.npz,unknown_or_native,280,277,0.9892857142857143,50,50,119470,100,1.0,1.0,1.0,0.9999995827674866,0.0,0.8290324211120605,2.990234375
155,natview,sub-14,ses-01,sub-14_ses-01_rest,/home/sudaxin/projects/paired_data/data/pooled_raw_schaefer100_mni_proxy_full_mask_min80/run_cache/natview/sub-14_ses-01_rest.npz,unknown_or_native,272,268,0.9852941176470589,61,61,115798,100,1.0,1.0,1.0,0.999999463558197,0.0,0.8462194800376892,3.2265625
156,natview,sub-15,ses-01,sub-15_ses-01_rest,/home/sudaxin/projects/paired_data/data/pooled_raw_schaefer100_mni_proxy_full_mask_min80/run_cache/natview/sub-15_ses-01_rest.npz,unknown_or_native,261,257,0.9846743295019157,60,60,111188,100,1.0,1.0,1.0,0.9999995231628418,0.0,0.8399021029472351,3.130859375
157,natview,sub-16,ses-01,sub-16_ses-01_rest,/home/sudaxin/projects/paired_data/data/pooled_raw_schaefer100_mni_proxy_full_mask_min80/run_cache/natview/sub-16_ses-01_rest.npz,unknown_or_native,247,243,0.9838056680161943,54,54,105358,100,1.0,1.0,1.0,0.9999997019767761,0.0,0.8371691107749939,3.111328125
158,natview,sub-17,ses-01,sub-17_ses-01_rest,/home/sudaxin/projects/paired_data/data/pooled_raw_schaefer100_mni_proxy_full_mask_min80/run_cache/natview/sub-17_ses-01_rest.npz,unknown_or_native,237,233,0.9831223628691983,55,55,101310,100,1.0,1.0,1.0,0.9999995231628418,0.0,0.8465286493301392,3.216796875
159,natview,sub-18,ses-01,sub-18_ses-01_rest,/home/sudaxin/projects/paired_data/data/pooled_raw_schaefer100_mni_proxy_full_mask_min80/run_cache/natview/sub-18_ses-01_rest.npz,unknown_or_native,281,277,0.9857651245551602,56,56,119812,100,1.0,1.0,1.0,0.9999995231628418,0.0,0.8510112166404724,3.259765625
160,natview,sub-19,ses-01,sub-19_ses-01_rest,/home/sudaxin/projects/paired_data/data/pooled_raw_schaefer100_mni_proxy_full_mask_min80/run_cache/natview/sub-19_ses-01_rest.npz,unknown_or_native,193,190,0.9844559585492227,46,46,82945,100,1.0,1.0,1.0,0.9999996423721313,0.0,0.8861303925514221,3.6953125
161,natview,sub-20,ses-01,sub-20_ses-01_rest,/home/sudaxin/projects/paired_data/data/pooled_raw_schaefer100_mni_proxy_full_mask_min80/run_cache/natview/sub-20_ses-01_rest.npz,unknown_or_native,286,282,0.986013986013986,58,58,121695,100,1.0,1.0,1.0,0.9999995827674866,0.0,0.8457545042037964,3.240234375
162,natview,sub-21,ses-01,sub-21_ses-01_rest,/home/sudaxin/projects/paired_data/data/pooled_raw_schaefer100_mni_proxy_full_mask_min80/run_cache/natview/sub-21_ses-01_rest.npz,unknown_or_native,235,231,0.9829787234042553,60,60,100282,100,1.0,1.0,1.0,0.9999996423721313,0.0,0.8548192977905273,3.34765625
163,natview,sub-22,ses-01,sub-22_ses-01_rest,/home/sudaxin/projects/paired_data/data/pooled_raw_schaefer100_mni_proxy_full_mask_min80/run_cache/natview/sub-22_ses-01_rest.npz,unknown_or_native,284,280,0.9859154929577465,59,59,121114,100,1.0,1.0,1.0,0.9999995827674866,0.0,0.8485722541809082,3.181640625
