dataset_name,calib_frac,status,reasons,real_rank_pct,shifted_rank_pct,time_rank_pct,real_minus_shifted,real_minus_time,real_diag_minus_offdiag,residual_rank_pct,residual_shifted_rank_pct,residual_minus_shifted,residual_diag_minus_offdiag,n_train_mean,n_test_mean,n_calib_seq_mean
affective,0.0,fail,rank<0.52,0.5161549902737197,0.4988702834243843,0.4995725464786913,0.01728470684933542,0.01658244379502838,0.02028717228978023,0.5165736193461563,0.5028071437618276,0.013766475584328752,0.021053387574106467,12738.0,2862.3333333333335,0.0
affective,0.1,fail,rank<0.52,0.5191707107418626,0.5035153649051979,0.5010223304321394,0.015655345836664725,0.01814838030972321,0.024947330412716805,0.5197998487421979,0.5085505497454896,0.011249298996708235,0.02562107209501413,13374.333333333334,2862.3333333333335,636.3333333333334
affective,0.2,pass,,0.5224295605078547,0.49472162658397845,0.49975602969227834,0.02770793392387627,0.02267353081557638,0.030884376596362575,0.5234284305158975,0.4998083505593313,0.023620079956566176,0.031998809526709346,14011.333333333334,2862.3333333333335,1273.3333333333333
affective,0.3,pass,,0.5311504108814648,0.49880713833898316,0.5005767337762351,0.032343272542481594,0.030573677105229624,0.04202709944777269,0.5315989402051708,0.49463787593641,0.036961064268760835,0.042820887776044536,14648.0,2862.3333333333335,1910.0
affective,0.4,pass,,0.536757719472538,0.508804537117319,0.49981523000068906,0.02795318235521904,0.03694248947184897,0.04844974436285234,0.5374289097119817,0.49255708175603646,0.04487182795594519,0.04937588675543823,15285.0,2862.3333333333335,2547.0
experience,0.0,confounded,rank<0.52|diag<0.02|shifted_close,0.5164169991041329,0.501153553829494,0.5854547005933757,0.015263445274638854,-0.06903770148924282,0.022394348056516526,0.5110829407627917,0.5033542674283166,0.0077286733344751335,0.014407818003893085,4968.666666666667,1115.0,0.0
experience,0.1,fail,rank<0.52,0.5248238779776108,0.4892614019518196,0.5855090718891031,0.035562476025791157,-0.0606851939114923,0.036165988459590674,0.5179396959333102,0.49471499629504917,0.02322469963826107,0.02675376083864607,5213.0,1115.0,244.33333333333334
experience,0.2,pass,,0.5358219208789895,0.5054085938617254,0.5859310300169637,0.03041332701726407,-0.05010910913797417,0.049525033979648025,0.5274506480422391,0.49382339012863957,0.033627257913599495,0.03647532748413717,5462.0,1115.0,493.3333333333333
experience,0.3,pass,,0.5383990248717819,0.4957495375649026,0.5874165828154096,0.04264948730687934,-0.04901755794362772,0.05404385282511339,0.5285388074841917,0.4988582604473817,0.02968054703681,0.039797861843815306,5710.0,1115.0,741.3333333333334
experience,0.4,pass,,0.5447971213109833,0.5017964917834741,0.5880042636332733,0.04300062952750927,-0.04320714232228995,0.06172651939885674,0.5348655695631543,0.5092478312320594,0.02561773833109493,0.04574164284414021,5959.0,1115.0,990.3333333333334
sleep,0.0,confounded,rank<0.52|diag<0.02|shifted_close,0.5071237108718368,0.5019308527554405,0.4955090636499932,0.005192858116396359,0.011614647221843633,0.01237683740496374,0.5070487483530961,0.4985098359910954,0.008538912362000717,0.0135338184978372,5676.0,1276.0,0.0
sleep,0.1,fail,rank<0.52,0.5128299486620326,0.5018343101176684,0.4954908909181773,0.010995638544364139,0.017339057743855302,0.022285146922284855,0.5152548725637182,0.4914042978510745,0.02385057471264368,0.023028873797438676,5951.0,1276.0,275.0
sleep,0.2,fail,rank<0.52,0.5168461223933488,0.4879219481168507,0.49513652264776703,0.028924174276498127,0.021709599745581787,0.025763384955427297,0.5183272000363455,0.4995365953386943,0.018790604697651148,0.02693506869747341,6237.0,1276.0,561.0
sleep,0.3,fail,rank<0.52,0.5171596020171733,0.5023965290082232,0.4943982554177457,0.014763073008950078,0.02276134659942758,0.0282040504953098,0.5187837899232202,0.5005906137840171,0.018193176139203016,0.028578992824823398,6523.0,1276.0,847.0
sleep,0.4,pass,,0.5217618463495525,0.5037753850347554,0.49412339284903006,0.017986461314797086,0.02763845350052241,0.033812104111754594,0.52306119667439,0.5014606333197038,0.021600563354686186,0.035270811048543065,6809.0,1276.0,1133.0
xp2,0.0,confounded,rank<0.52|diag<0.02|shifted_close,0.502676125545114,0.49849886370616053,0.5209716847859468,0.00417726183895345,-0.018295559240832815,0.0032775502822880807,0.5045457895706652,0.4957453473373872,0.008800442233278027,0.00425752728542918,3422.6666666666665,765.0,0.0
xp2,0.1,confounded,rank<0.52|diag<0.02|shifted_close,0.5057379767827529,0.5080259197837971,0.5193016399484062,-0.0022879430010441792,-0.013563663165653272,0.006023710087767299,0.5046489773355445,0.5004453043424851,0.004203672993059349,0.007093163698711216,3592.6666666666665,765.0,170.0
xp2,0.2,confounded,rank<0.52|diag<0.02|shifted_close,0.5146557336772926,0.501789816350347,0.5213746084392851,0.01286591732694553,-0.0067188747619925104,0.014797915456366668,0.5125305570910877,0.5045273631840795,0.00800319390700821,0.012740569949516145,3762.6666666666665,765.0,340.0
xp2,0.3,fail,rank<0.52|diag<0.02,0.5177022295927769,0.49989926908666543,0.5262023217247097,0.017802960506111465,-0.008500092131932813,0.01961516189113611,0.516525704809287,0.4995098581168233,0.017015846692463643,0.016542085355997518,3932.6666666666665,765.0,510.0
xp2,0.4,fail,rank<0.52,0.5241551501750507,0.4942663227074504,0.5268067072047172,0.029888827467600243,-0.0026515570296665736,0.027350793221855237,0.5193446348504392,0.5075787728026534,0.011765862047785847,0.022888921139463312,4102.666666666667,765.0,680.0
