dataset,name,authors,dataset_doi,license,n_bold_json,n_bold_files,tr_values,echo_values,bold_task_names,n_eeg_json,n_eeg_files,n_eeg_vhdr_files,n_eeg_set_files,n_eeg_edf_files,eeg_sampling_frequency,eeg_reference,eeg_task_names,channel_type_counts,event_onset_min,readme_hint
Affective_music_listening_OpenNeuro_ds002725,A dataset recording joint EEG-fMRI during affective music listening ,Ian Daly; Nicoletta Nicolaou; Duncan Williams; Faustina Hwang; Alexis Kirke; Eduardo Miranda; Slawomir J. Nasuto,10.18112/openneuro.ds002725.v1.0.0,CC0,105,105,2.0,0.03,classicalMusic|genMusic01|genMusic02|genMusic03|washout,105,210,0,0,105,1000,placed on FCz,GeneratedMusic,"{""ECG"": 10, ""EEG"": 310, ""reponse"": 100, ""response"": 10, ""stimuli"": 30}",0.001,"Dataset: Joint EEG-fMRI recording during affective music listening. This dataset was recorded from 21 healthy adult participants viia a joint EEG-fMRI modality while they listened to a set of music stimuli chosen and generated to produce different affective (emotional) reponses. Participants self-reported their felt affective states as they listened to the music. The full experiment description can be found in our paper (Daly et.al., 2019). Data recorded in 2016 Published in 2019 [1] Daly, I., Williams, D., Hwang, F., Kirke, A., Miranda, E. R., & Nasuto, S. J. (2019). Electroencephalography reflects the activity of sub-cortical brain regions during approach-withdrawal behaviour while listening to music. Scientific Reports, 9(1), 9415. https://doi.org/10.1038/s41598-019-45105-2"
Auditory_and_Visual_Oddball_EEG_fMRI_OpenNeuro_ds000116_fMRI_only_BIDS,Auditory and Visual Oddball EEG-fMRI,Jennifer M Walz; Robin I Goldman; Jordan Muraskin; Bryan Conroy; Truman R Brown; Paul Sajda,,,2,102,2.0,0.025,auditory oddball with button response to target stimuli|visual oddball with button response to target stimuli,0,0,0,0,0,,,,{},4.153,"**The EEG component of this dataset is available as part of R1.0.0 at https://legacy.openfmri.org/dataset/ds000116/** Data acquisition methods have been described in detail in Walz et al. (2013, J Neurosci), but we outline them here and provide file information for clarity and ease of use. ———————————————————————————————— ODDBALL PARADIGM ———————————————————————————————— 3 runs each of separate auditory and visual tasks 20% target stimuli (requiring button response), 80% standard stimuli (to be ignored) stimulus duration 200 ms ITI 2-3 sec, uniformly distributed first 2 stimuli constrained to be standards each run consisted of 125 total stimuli AUDITORY target - broadband “laser gun” sound standard - 390 Hz tone VISUAL target - large red circle on isoluminant grey background (3.45 degree v"
Auditory_and_Visual_Oddball_EEG_fMRI_OpenfMRI_ds116_legacy_EEG,,,,,0,0,,,,0,0,0,0,0,,,,{},,
Auditory_oddball_pupillometry_EEG_fMRI_Figshare_He_Hong_Sajda,,,,,0,0,,,,0,0,0,0,0,,,,{},,
Binocular_rivalry_simultaneous_EEG_fMRI_Dryad_bf1b1,,,,,0,0,,,,0,0,0,0,0,,,,{},,
CWL_NITRC_EEG_fMRI_artifact,,,,,0,0,,,,0,0,0,0,0,,,,{},,
CineBrain_HuggingFace_Fudan_fMRI,,,,,0,0,,,,0,0,0,0,0,,,,{},,"--- license: apache-2.0 language: - en tags: - fMRI - EEG - neuroscience - brain-imaging - science - huggingscience size_categories: - 100K<n<1M task_categories: - text-to-video - image-to-video pretty_name: CineBrain --- # [CVPR 2026] CineBrain: A Large-Scale Multi-Modal Brain Dataset During Naturalistic Audiovisual Narrative Processing [![ArXiv](https://img.shields.io/badge/ArXiv-2503.06940-b31b1b.svg?logo=arXiv)](https://arxiv.org/abs/2503.06940) [![Code](https://img.shields.io/badge/Code-Github-black?logo=github)](https://github.com/yanweifu-sii/CineBrain) [![Model](https://img.shields.io/badge/Model-CineSync-faa035.svg?logo=Huggingface)](https://huggingface.co/Fudan-fMRI/CineSync) CineBrain is a large-scale multimodal brain dataset comprising fMRI, EEG, and ECG recordings collected wh"
Confidence_perceptual_decisions_OpenNeuro_ds002739,Simultaneous EEG-fMRI - Confidence in perceptual decisions,Sabina Gherman; Marios G. Philiastides,10.18112/openneuro.ds002739.v1.0.0,CC0,1,48,2,0.03,main,0,0,0,0,0,,,,{},0.0,"OpenNeuro curator note: This dataset was previously accessible at ds001512. The dataset was reuploaded due to privacy considerations. EEG EEG_data contains preprocessed EEG data (see below for preprocessing details). EEG_events contains event times and behavioural data. There is a file for each of the two experimental sessions of each subject. EEG data EEGdata: [number_of_valid_electrodes x data_samples] - EEG activity for all electrodes across time fs: 1000 - sampling frequency (after preprocessing) excludedchannels: [1 x number_of_electrodes] - indices of channels removed from analysis EEG events dotdirection: [1 x number_of_valid_trials] - direction of coherent motion in dot stimulus (1=left, 2=right) choice: [1 x number_of_valid_trials] - subject's direction choice (1=left, 2=right) ac"
EEG_fMRI_NODDI_OSF_94c5t,,,,,0,0,,,,0,0,0,0,0,,,,{},,"These are the raw data associated with two publications. Please cite the articles below. 1. F. Deligianni, D.W. Carmichael, Gary H. Zhang, C.A. Clark and J.D. Clayden (2016). NODDI and tensor-based microstructural indices as predictors of functional connectivity. *PLoS ONE* 11(4):e0153404. 2. F. Deligianni, M. Centeno, D.W. Carmichael and J.D. Clayden (2014). Relating resting-state fMRI and EEG whole-brain connectomes across frequency bands. *Frontiers in Neuroscience* 8:258. **Please note** that in version 2 of the data, the subject with identifier 41 has been removed. This is due to a duplication mistake. There are therefore 16 remaining subjects in the dataset. ## Description These data were acquired as described in Deligianni et al., 2016. The relevant description is reproduced below. "
Motor_imagery_neurofeedback_XP1_OpenNeuro_ds002336,A multi-modal human neuroimaging dataset for data integration: simultaneous EEG and fMRI acquisition during a motor imagery neurofeedback task: XP1,Giulia Lioi; Claire Cury; Lorraine Perronnet; Marsel Mano; Elise Bannier; Anatole Lecuyer; Christian Barillot,10.18112/openneuro.ds002336.v2.0.2,CC0,61,55,2,0.023,,6,168,54,0,0,5000,FCz,MIpost|MIpre|eegNF|eegfmriNF|fmriNF|motorloc,{},2.0,"———————————————————————————————— ORIGINAL PAPERS ———————————————————————————————— Lioi, G., Cury, C., Perronnet, L., Mano, M., Bannier, E., Lécuyer, A., & Barillot, C. (2019). Simultaneous MRI-EEG during a motor imagery neurofeedback task: an open access brain imaging dataset for multi-modal data integration Authors. BioRxiv. https://doi.org/https://doi.org/10.1101/862375 Mano, Marsel, Anatole Lécuyer, Elise Bannier, Lorraine Perronnet, Saman Noorzadeh, and Christian Barillot. 2017. “How to Build a Hybrid Neurofeedback Platform Combining EEG and FMRI.” Frontiers in Neuroscience 11 (140). https://doi.org/10.3389/fnins.2017.00140 Perronnet, Lorraine, L Anatole, Marsel Mano, Elise Bannier, Maureen Clerc, Christian Barillot, Lorraine Perronnet, et al. 2017. “Unimodal Versus Bimodal EEG-FMRI Ne"
Motor_imagery_neurofeedback_XP2_OpenNeuro_ds002338,A multi-modal human neuroimaging dataset for data integration: simultaneous EEG and fMRI acquisition during a motor imagery neurofeedback task: XP2,Giulia Lioi; Claire Cury; Lorraine Perronnet; Marsel Mano; Elise Bannier; Anatole Lecuyer; Christian Barillot,10.18112/openneuro.ds002338.v2.0.1,CC0,89,85,1,0.023,,4,259,85,0,0,5000,FCz,1dNF_run-01|2dNF_run-02|MIpost|MIpre,{},2.0,"———————————————————————————————— ORIGINAL PAPERS ———————————————————————————————— Lioi, G., Cury, C., Perronnet, L., Mano, M., Bannier, E., Lécuyer, A., & Barillot, C. (2019). Simultaneous MRI-EEG during a motor imagery neurofeedback task: an open access brain imaging dataset for multi-modal data integration Authors. Accepted for publication in Scientific Data. https://doi.org/https://doi.org/10.1101/862375 Mano, Marsel, Anatole Lécuyer, Elise Bannier, Lorraine Perronnet, Saman Noorzadeh, and Christian Barillot. 2017. “How to Build a Hybrid Neurofeedback Platform Combining EEG and FMRI.” Frontiers in Neuroscience 11 (140). https://doi.org/10.3389/fnins.2017.00140 Lorraine Perronnet, Anatole Lecuyer, Marsel Mano, Mathis Fleury, Giulia Lioi, Claire Cury, Maureen Clerc, Fabien Lotte, and Chri"
Multi_session_EEG_fMRI_experience_sampling_OpenNeuro_ds007216,A multi-session simultaneous EEG-fMRI dataset with online experience sampling,Aaron Kucyi; Lotus Shareef-Trudeau; David Braun; Huiling Peng; Tiara Bounyarith; Janet Z. Li,doi:10.18112/openneuro.ds007216.v1.0.0,CC0,374,189,2,0.025,ExperienceSampling|GradCPT,186,894,187,0,0,5000.0,n/a,ExperienceSampling|GradCPT,"{""EEG"": 310, ""MISC"": 50}",0.0,"# A multi-session simultaneous EEG-fMRI dataset with online experience sampling Here we introduce a multi-session dataset that includes simultaneous EEG-fMRI with online measures of continuous behavior and spontaneous mental experience. Data components, organized in Brain Imaging Dataset Structure (BIDS) format, include simultaneous EEG-fMRI recordings with carbon wire loop sensors embedded in EEG caps for artifact removal, electrocardiogram (ECG), behavioral task responses, experience sampling ratings, and mental health surveys, from 24 healthy individuals aged 18-35. Tasks performed during EEG-fMRI were the Gradual Onset Continuous Performance Task (GradCPT) and a resting state condition with intermittent experience sampling assessing 13 unique dimensions of thought contents and processe"
NIMH_Vanderbilt_ME_REST_TASK_multi_echo_EEG_fMRI_Figshare_28225415,,,,,0,0,,,,0,0,0,0,0,,,,{},,
NatView_NKI_EEG_fMRI_Naturalistic_Viewing,,,,,0,0,,,,40,80,0,40,0,250,Ave,rest,"{""eeg"": 574}",-0.002,
Schrooten_separate_vs_simultaneous_EEG_fMRI_Zenodo_1507643,,,,,0,0,,,,0,0,0,0,0,,,,{},,EEG.zip contains the following directories and files: EEG no MRI s06 s06 EEG-MRI EVT CRP SMP BPF MRG AVG.fdt s06 EEG-MRI EVT CRP SMP BPF MRG AVG.set s06 EEG-MRI EVT CRP SMP BPF MRG.fdt s06 EEG-MRI EVT CRP SMP BPF MRG.set s06 EEG-MRI R1 EVT CRP SMP BPF.fdt s06 EEG-MRI R1 EVT CRP SMP BPF.set s06 EEG-MRI R2 EVT CRP SMP BPF.fdt s06 EEG-MRI R2 EVT CRP SMP BPF.set s06 EEG-MRI R3 EVT CRP SMP BPF.fdt s06 EEG-MRI R3 EVT CRP SMP BPF.set s06 EEG-MRI R4 EVT CRP SMP BPF.fdt s06 EEG-MRI R4 EVT CRP SMP BPF.set s08 s15 s17 s21 EEG outside MRI room s06 s06 EEG+MRI extra EVT SMP BPF AVG.fdt s06 EEG+MRI extra EVT SMP BPF AVG.set s06 EEG+MRI extra EVT SMP BPF.fdt s06 EEG+MRI extra EVT SMP BPF.set s08 s15 s17 s21 EEG during fMRI s06 s06 EEG+MRI EVT GRA CRP SMP BPF PAS MRG AVG.fdt s06 EEG+MRI EVT GRA CRP SMP BP
SevenT_simultaneous_EEG_fMRI_rest_Zenodo_15781280,,,,,0,0,,,,0,0,0,0,0,,,,{},,
Sleep_rest_EEG_fMRI_OpenNeuro_ds003768,Simultaneous EEG and fMRI signals during sleep from humans,Yameng Gu; Feng Han; Lucas E. Sainburg; Margeaux M. Schade; Orfeu M. Buxton; Jeff H. Duyn; Xiao Liu,10.18112/openneuro.ds003768.v1.0.0,CC0,255,255,2.1,0.025,rest|sleep,2,767,255,0,0,250,FCz,rest|sleep,{},,"This dataset included 33 healthy participants collected at Penn State with informed consent. Simultaneously collected EEG and BOLD signals for each participant were recorded and organized at each folder. EEG data were collected using a 32 channel MR-compatible EEG system (Brain Products, Munich, Germany). R128 in the EEG signals corresponds to the BOLD fMRI volume trigger. Each scanning section consisted of an anatomical session, two 10-min resting-state sessions, and several 15-min sleep sessions. The first resting-state session was conducted before a visual-motor adaptation task (Albouy et al, Journal of Sleep Research, 2013) and the second resting-state session was conducted after a visual-motor adaptation task. The scored sleep stages for these 33 subjects were organized under sourceda"
Speeded_perceptual_judgments_confidence_OpenNeuro_ds002158,Disentangling the origins of confidence in speeded perceptual judgments through multimodal imaging,Michael Pereira; Nathan Faivre; Inaki Iturrate; Marco Wirthlin; Luana Serafini; Stephanie Martin; Arnaud Desvachez; Olaf Blanke,10.18112/openneuro.ds002158.v1.0.2,CC0,140,138,1.28,0.031,main|rest,0,357,119,0,0,,,,{},3.532,"This dataset contains the data in Pereira, M., Faivre, N., Iturrate, I., Wirthlin, M., Serafini, L., Martin, S., Desvachez, A., Blanke, O., Van De Ville, D., Millan, JdR. (2020). Disentangling the origins of confidence in speeded perceptual judgments through multimodal imaging. Proceedings of the National Academy of Science, 117 (15) pp. 8382-8390 https://doi.org/10.1073/pnas.1918335117 Preprint: https://www.biorxiv.org/content/10.1101/496877v1 ABSTRACT The human capacity to compute the likelihood that a decision is correct—known as metacognition—has proven difficult to study in isolation as it usually cooccurs with decision making. Here, we isolated postdecisional from decisional contributions to metacognition by analyzing neural correlates of confidence with multimodal imaging. Healthy v"
Synchronous_inner_speech_OpenNeuro_ds006033,Synchronous EEG and fMRI dataset on inner speech,Foteini Simistira Liwicki,doi:10.18112/openneuro.ds006033.v1.0.1,CC0,6,6,2,0.03,innerspeech,5,20,5,0,0,5000.0,FCz,innerspeech,{},0.0,"# Inner Speech EEG-fMRI Dataset ## Description This dataset contains simultaneous EEG-fMRI recordings for inner speech experiments. Data were collected using a 3T MRI scanner and 64-channel BrainProducts EEG system. The EEG data have undergone preprocessing, including pulse artifact removal, using the BrainVision Analyzer software. No further data transformations have been applied to ensure the dataset remains BIDS-compliant as ""raw"". ## Subjects - Number of subjects: 3 - Sessions per subject: 2 - Tasks: Inner speech ## Experimental Protocol - Each trial includes a fixation period (2s), stimulus display (2s), and rest (12s). - 8 words were presented in random order, each repeated 40 times. - EEG sampled at 5000 Hz, fMRI acquired with TR=2s. ## Data Organization - Functional MRI data: `sub-"
Value_based_decisions_OpenNeuro_ds002734,Evidence Accumulation in Value-Based decisions,Andrea Pisauro; Elsa Fouragnan; C Retzler; M Philiastides,10.18112/openneuro.ds002734.v1.0.2,CC0,1,44,2.5,0.04,main,0,0,0,0,0,,,,{},2.13,"OpenNeuro curator note: This dataset was previously accessible at ds001219. The dataset was reuploaded due to privacy considerations. EEG_data files contain EEG preprocessed data for each subject,session. EEG_events contain two cells of relevant events for the two sessions of each subject EEG_data Y : [number of electrodes x number_of_times double] => EEG activity for all electrodes and all times EEG_events fields for each cell respt: [1xnumber_of_trials double] => response onset times (in ms) rt: [1xnumber_of_trials double] => reaction times (ms) tstim: [1xnumber_of_trials double] => stimulus onset times (in ms) resptexcl: [1x13 double] => excluded response times tstimexcl: 5.8806e+05 => excluded stimulus onset times diffV: [1xnumber_of_trials double]=>item rating difference (absolute sti"
gradCPT_simultaneous_EEG_fMRI_DTI_OpenNeuro_ds006040,Sustained Attention Task (gradCPT) Dataset using simultaneous EEG-fMRI and DTI,Younghwa Cha; Yeji Lee; Eunhee Ji; SoHyun Han; Sunhyun Min; Hyoungkyu Kim; Minseo Cho; Hae Seong Lee,doi:10.18112/openneuro.ds006040.v1.0.2,CC0,280,280,2,0.025,CB|EC|EO|GRADCPT|GRADCPT_IM|IM,391,1175,0,392,0,5000,FCz,CBOFF|CBON|ECOFF|ECON|EOOFF|EOON|GRADOFF|GRADON|IMAGON|IMGRADON,{},,"This dataset includes simultaneous recordings of electroencephalography (EEG), functional magnetic resonance imaging (fMRI), and diffusion-weighted imaging (DWI) from 28 participants aged 19 to 42 years. The fMRI and DWI data were acquired using a 3T MRI scanner (Siemens Magnetom Prisma), and the EEG was recorded using 64 channels (Brain Product BrainCap MR with Multirodes). The following tasks were performed: resting state (eyes open and closed), checkerboard (15Hz), gradCPT, and imagery task. Raw files can be found in the subfolders, while preprocessed files are available in the derivatives folder. For more detailed information about the file structure, please refer to the readme files. 1. Dataset Description This dataset comprises neuroimaging data collected at the Center for Neuroscien"
