dataset,file,has_neurostorm,n_windows,roi_ge95_fraction,roi_valid_mean,roi_valid_min,run,sample_step_max,sample_step_median,sample_step_min,sample_time_max,sample_time_min,sfreq,subject,task
Affective_music_listening_OpenNeuro_ds002725,data/pooled_raw_schaefer100_mni_proxy_full_mask_min80/run_cache/Affective_music_listening_OpenNeuro_ds002725/sub-01_ses-nosession_classicalMusic_classicalMusic_run-norun.npz,False,925,1.0,100.0,100.0,sub-01_ses-nosession_classicalMusic_classicalMusic_run-norun,2.0,2.0,2.0,1859.0,11.0,200.0,sub-01,classicalMusic
Affective_music_listening_OpenNeuro_ds002725,data/pooled_raw_schaefer100_mni_proxy_full_mask_min80/run_cache/Affective_music_listening_OpenNeuro_ds002725/sub-02_ses-nosession_classicalMusic_classicalMusic_run-norun.npz,False,929,1.0,100.0,100.0,sub-02_ses-nosession_classicalMusic_classicalMusic_run-norun,2.0,2.0,2.0,1867.0,11.0,200.0,sub-02,classicalMusic
Affective_music_listening_OpenNeuro_ds002725,data/pooled_raw_schaefer100_mni_proxy_full_mask_min80/run_cache/Affective_music_listening_OpenNeuro_ds002725/sub-03_ses-nosession_classicalMusic_classicalMusic_run-norun.npz,False,928,1.0,100.0,100.0,sub-03_ses-nosession_classicalMusic_classicalMusic_run-norun,2.0,2.0,2.0,1865.0,11.0,200.0,sub-03,classicalMusic
Affective_music_listening_OpenNeuro_ds002725,data/pooled_raw_schaefer100_mni_proxy_full_mask_min80/run_cache/Affective_music_listening_OpenNeuro_ds002725/sub-04_ses-nosession_classicalMusic_classicalMusic_run-norun.npz,False,929,1.0,100.0,100.0,sub-04_ses-nosession_classicalMusic_classicalMusic_run-norun,2.0,2.0,2.0,1867.0,11.0,200.0,sub-04,classicalMusic
Affective_music_listening_OpenNeuro_ds002725,data/pooled_raw_schaefer100_mni_proxy_full_mask_min80/run_cache/Affective_music_listening_OpenNeuro_ds002725/sub-05_ses-nosession_classicalMusic_classicalMusic_run-norun.npz,False,929,1.0,100.0,100.0,sub-05_ses-nosession_classicalMusic_classicalMusic_run-norun,2.0,2.0,2.0,1867.0,11.0,200.0,sub-05,classicalMusic
Affective_music_listening_OpenNeuro_ds002725,data/pooled_raw_schaefer100_mni_proxy_full_mask_min80/run_cache/Affective_music_listening_OpenNeuro_ds002725/sub-06_ses-nosession_classicalMusic_classicalMusic_run-norun.npz,False,929,1.0,100.0,100.0,sub-06_ses-nosession_classicalMusic_classicalMusic_run-norun,2.0,2.0,2.0,1867.0,11.0,200.0,sub-06,classicalMusic
Affective_music_listening_OpenNeuro_ds002725,data/pooled_raw_schaefer100_mni_proxy_full_mask_min80/run_cache/Affective_music_listening_OpenNeuro_ds002725/sub-07_ses-nosession_classicalMusic_classicalMusic_run-norun.npz,False,929,1.0,100.0,100.0,sub-07_ses-nosession_classicalMusic_classicalMusic_run-norun,2.0,2.0,2.0,1867.0,11.0,200.0,sub-07,classicalMusic
Affective_music_listening_OpenNeuro_ds002725,data/pooled_raw_schaefer100_mni_proxy_full_mask_min80/run_cache/Affective_music_listening_OpenNeuro_ds002725/sub-08_ses-nosession_classicalMusic_classicalMusic_run-norun.npz,False,929,1.0,100.0,100.0,sub-08_ses-nosession_classicalMusic_classicalMusic_run-norun,2.0,2.0,2.0,1867.0,11.0,200.0,sub-08,classicalMusic
Affective_music_listening_OpenNeuro_ds002725,data/pooled_raw_schaefer100_mni_proxy_full_mask_min80/run_cache/Affective_music_listening_OpenNeuro_ds002725/sub-09_ses-nosession_classicalMusic_classicalMusic_run-norun.npz,False,929,1.0,100.0,100.0,sub-09_ses-nosession_classicalMusic_classicalMusic_run-norun,2.0,2.0,2.0,1867.0,11.0,200.0,sub-09,classicalMusic
Affective_music_listening_OpenNeuro_ds002725,data/pooled_raw_schaefer100_mni_proxy_full_mask_min80/run_cache/Affective_music_listening_OpenNeuro_ds002725/sub-10_ses-nosession_classicalMusic_classicalMusic_run-norun.npz,False,929,1.0,100.0,100.0,sub-10_ses-nosession_classicalMusic_classicalMusic_run-norun,2.0,2.0,2.0,1867.0,11.0,200.0,sub-10,classicalMusic
Affective_music_listening_OpenNeuro_ds002725,data/pooled_raw_schaefer100_mni_proxy_full_mask_min80/run_cache/Affective_music_listening_OpenNeuro_ds002725/sub-11_ses-nosession_classicalMusic_classicalMusic_run-norun.npz,False,929,1.0,100.0,100.0,sub-11_ses-nosession_classicalMusic_classicalMusic_run-norun,2.0,2.0,2.0,1867.0,11.0,200.0,sub-11,classicalMusic
Affective_music_listening_OpenNeuro_ds002725,data/pooled_raw_schaefer100_mni_proxy_full_mask_min80/run_cache/Affective_music_listening_OpenNeuro_ds002725/sub-12_ses-nosession_classicalMusic_classicalMusic_run-norun.npz,False,929,1.0,100.0,100.0,sub-12_ses-nosession_classicalMusic_classicalMusic_run-norun,2.0,2.0,2.0,1867.0,11.0,200.0,sub-12,classicalMusic
Affective_music_listening_OpenNeuro_ds002725,data/pooled_raw_schaefer100_mni_proxy_full_mask_min80/run_cache/Affective_music_listening_OpenNeuro_ds002725/sub-13_ses-nosession_classicalMusic_classicalMusic_run-norun.npz,False,929,1.0,100.0,100.0,sub-13_ses-nosession_classicalMusic_classicalMusic_run-norun,2.0,2.0,2.0,1867.0,11.0,200.0,sub-13,classicalMusic
Affective_music_listening_OpenNeuro_ds002725,data/pooled_raw_schaefer100_mni_proxy_full_mask_min80/run_cache/Affective_music_listening_OpenNeuro_ds002725/sub-14_ses-nosession_classicalMusic_classicalMusic_run-norun.npz,False,929,1.0,100.0,100.0,sub-14_ses-nosession_classicalMusic_classicalMusic_run-norun,2.0,2.0,2.0,1867.0,11.0,200.0,sub-14,classicalMusic
Affective_music_listening_OpenNeuro_ds002725,data/pooled_raw_schaefer100_mni_proxy_full_mask_min80/run_cache/Affective_music_listening_OpenNeuro_ds002725/sub-15_ses-nosession_classicalMusic_classicalMusic_run-norun.npz,False,929,1.0,100.0,100.0,sub-15_ses-nosession_classicalMusic_classicalMusic_run-norun,2.0,2.0,2.0,1867.0,11.0,200.0,sub-15,classicalMusic
Affective_music_listening_OpenNeuro_ds002725,data/pooled_raw_schaefer100_mni_proxy_full_mask_min80/run_cache/Affective_music_listening_OpenNeuro_ds002725/sub-16_ses-nosession_classicalMusic_classicalMusic_run-norun.npz,False,929,1.0,100.0,100.0,sub-16_ses-nosession_classicalMusic_classicalMusic_run-norun,2.0,2.0,2.0,1867.0,11.0,200.0,sub-16,classicalMusic
Affective_music_listening_OpenNeuro_ds002725,data/pooled_raw_schaefer100_mni_proxy_full_mask_min80/run_cache/Affective_music_listening_OpenNeuro_ds002725/sub-17_ses-nosession_classicalMusic_classicalMusic_run-norun.npz,False,929,1.0,100.0,100.0,sub-17_ses-nosession_classicalMusic_classicalMusic_run-norun,2.0,2.0,2.0,1867.0,11.0,200.0,sub-17,classicalMusic
Affective_music_listening_OpenNeuro_ds002725,data/pooled_raw_schaefer100_mni_proxy_full_mask_min80/run_cache/Affective_music_listening_OpenNeuro_ds002725/sub-18_ses-nosession_classicalMusic_classicalMusic_run-norun.npz,False,930,1.0,100.0,100.0,sub-18_ses-nosession_classicalMusic_classicalMusic_run-norun,2.0,2.0,2.0,1869.0,11.0,200.0,sub-18,classicalMusic
Affective_music_listening_OpenNeuro_ds002725,data/pooled_raw_schaefer100_mni_proxy_full_mask_min80/run_cache/Affective_music_listening_OpenNeuro_ds002725/sub-19_ses-nosession_classicalMusic_classicalMusic_run-norun.npz,False,929,1.0,100.0,100.0,sub-19_ses-nosession_classicalMusic_classicalMusic_run-norun,2.0,2.0,2.0,1867.0,11.0,200.0,sub-19,classicalMusic
Affective_music_listening_OpenNeuro_ds002725,data/pooled_raw_schaefer100_mni_proxy_full_mask_min80/run_cache/Affective_music_listening_OpenNeuro_ds002725/sub-20_ses-nosession_classicalMusic_classicalMusic_run-norun.npz,False,930,1.0,100.0,100.0,sub-20_ses-nosession_classicalMusic_classicalMusic_run-norun,2.0,2.0,2.0,1869.0,11.0,200.0,sub-20,classicalMusic
Affective_music_listening_OpenNeuro_ds002725,data/pooled_raw_schaefer100_mni_proxy_full_mask_min80/run_cache/Affective_music_listening_OpenNeuro_ds002725/sub-21_ses-nosession_classicalMusic_classicalMusic_run-norun.npz,False,929,1.0,100.0,100.0,sub-21_ses-nosession_classicalMusic_classicalMusic_run-norun,2.0,2.0,2.0,1867.0,11.0,200.0,sub-21,classicalMusic
Motor_imagery_neurofeedback_XP2_OpenNeuro_ds002338,data/pooled_raw_schaefer100_mni_proxy_full_mask_min80/run_cache/Motor_imagery_neurofeedback_XP2_OpenNeuro_ds002338/sub-xp201_ses-nosession_1dNF_1dNF_run-01.npz,False,322,0.0,89.0,89.0,sub-xp201_ses-nosession_1dNF_1dNF_run-01,1.0,1.0,1.0,331.5,10.5,200.0,sub-xp201,1dNF
Motor_imagery_neurofeedback_XP2_OpenNeuro_ds002338,data/pooled_raw_schaefer100_mni_proxy_full_mask_min80/run_cache/Motor_imagery_neurofeedback_XP2_OpenNeuro_ds002338/sub-xp202_ses-nosession_1dNF_1dNF_run-01.npz,False,322,0.0,86.0,86.0,sub-xp202_ses-nosession_1dNF_1dNF_run-01,1.0,1.0,1.0,331.5,10.5,200.0,sub-xp202,1dNF
Motor_imagery_neurofeedback_XP2_OpenNeuro_ds002338,data/pooled_raw_schaefer100_mni_proxy_full_mask_min80/run_cache/Motor_imagery_neurofeedback_XP2_OpenNeuro_ds002338/sub-xp203_ses-nosession_1dNF_1dNF_run-01.npz,False,322,0.0,86.0,86.0,sub-xp203_ses-nosession_1dNF_1dNF_run-01,1.0,1.0,1.0,331.5,10.5,200.0,sub-xp203,1dNF
Motor_imagery_neurofeedback_XP2_OpenNeuro_ds002338,data/pooled_raw_schaefer100_mni_proxy_full_mask_min80/run_cache/Motor_imagery_neurofeedback_XP2_OpenNeuro_ds002338/sub-xp204_ses-nosession_2dNF_2dNF_run-01.npz,False,322,0.0,85.0,85.0,sub-xp204_ses-nosession_2dNF_2dNF_run-01,1.0,1.0,1.0,331.5,10.5,200.0,sub-xp204,2dNF
Motor_imagery_neurofeedback_XP2_OpenNeuro_ds002338,data/pooled_raw_schaefer100_mni_proxy_full_mask_min80/run_cache/Motor_imagery_neurofeedback_XP2_OpenNeuro_ds002338/sub-xp205_ses-nosession_2dNF_2dNF_run-01.npz,False,322,0.0,87.0,87.0,sub-xp205_ses-nosession_2dNF_2dNF_run-01,1.0,1.0,1.0,331.5,10.5,200.0,sub-xp205,2dNF
Motor_imagery_neurofeedback_XP2_OpenNeuro_ds002338,data/pooled_raw_schaefer100_mni_proxy_full_mask_min80/run_cache/Motor_imagery_neurofeedback_XP2_OpenNeuro_ds002338/sub-xp206_ses-nosession_1dNF_1dNF_run-01.npz,False,322,0.0,85.0,85.0,sub-xp206_ses-nosession_1dNF_1dNF_run-01,1.0,1.0,1.0,331.5,10.5,200.0,sub-xp206,1dNF
Motor_imagery_neurofeedback_XP2_OpenNeuro_ds002338,data/pooled_raw_schaefer100_mni_proxy_full_mask_min80/run_cache/Motor_imagery_neurofeedback_XP2_OpenNeuro_ds002338/sub-xp207_ses-nosession_2dNF_2dNF_run-01.npz,False,322,0.0,83.0,83.0,sub-xp207_ses-nosession_2dNF_2dNF_run-01,1.0,1.0,1.0,331.5,10.5,200.0,sub-xp207,2dNF
Motor_imagery_neurofeedback_XP2_OpenNeuro_ds002338,data/pooled_raw_schaefer100_mni_proxy_full_mask_min80/run_cache/Motor_imagery_neurofeedback_XP2_OpenNeuro_ds002338/sub-xp210_ses-nosession_2dNF_2dNF_run-01.npz,False,322,0.0,80.0,80.0,sub-xp210_ses-nosession_2dNF_2dNF_run-01,1.0,1.0,1.0,331.5,10.5,200.0,sub-xp210,2dNF
Motor_imagery_neurofeedback_XP2_OpenNeuro_ds002338,data/pooled_raw_schaefer100_mni_proxy_full_mask_min80/run_cache/Motor_imagery_neurofeedback_XP2_OpenNeuro_ds002338/sub-xp211_ses-nosession_1dNF_1dNF_run-01.npz,False,322,0.0,93.0,93.0,sub-xp211_ses-nosession_1dNF_1dNF_run-01,1.0,1.0,1.0,331.5,10.5,200.0,sub-xp211,1dNF
Motor_imagery_neurofeedback_XP2_OpenNeuro_ds002338,data/pooled_raw_schaefer100_mni_proxy_full_mask_min80/run_cache/Motor_imagery_neurofeedback_XP2_OpenNeuro_ds002338/sub-xp213_ses-nosession_2dNF_2dNF_run-01.npz,False,322,0.0,88.0,88.0,sub-xp213_ses-nosession_2dNF_2dNF_run-01,1.0,1.0,1.0,331.5,10.5,200.0,sub-xp213,2dNF
Motor_imagery_neurofeedback_XP2_OpenNeuro_ds002338,data/pooled_raw_schaefer100_mni_proxy_full_mask_min80/run_cache/Motor_imagery_neurofeedback_XP2_OpenNeuro_ds002338/sub-xp216_ses-nosession_2dNF_2dNF_run-01.npz,False,322,0.0,93.0,93.0,sub-xp216_ses-nosession_2dNF_2dNF_run-01,1.0,1.0,1.0,331.5,10.5,200.0,sub-xp216,2dNF
Motor_imagery_neurofeedback_XP2_OpenNeuro_ds002338,data/pooled_raw_schaefer100_mni_proxy_full_mask_min80/run_cache/Motor_imagery_neurofeedback_XP2_OpenNeuro_ds002338/sub-xp217_ses-nosession_2dNF_2dNF_run-01.npz,False,322,0.0,86.0,86.0,sub-xp217_ses-nosession_2dNF_2dNF_run-01,1.0,1.0,1.0,331.5,10.5,200.0,sub-xp217,2dNF
Motor_imagery_neurofeedback_XP2_OpenNeuro_ds002338,data/pooled_raw_schaefer100_mni_proxy_full_mask_min80/run_cache/Motor_imagery_neurofeedback_XP2_OpenNeuro_ds002338/sub-xp218_ses-nosession_1dNF_1dNF_run-01.npz,False,322,0.0,90.0,90.0,sub-xp218_ses-nosession_1dNF_1dNF_run-01,1.0,1.0,1.0,331.5,10.5,200.0,sub-xp218,1dNF
Motor_imagery_neurofeedback_XP2_OpenNeuro_ds002338,data/pooled_raw_schaefer100_mni_proxy_full_mask_min80/run_cache/Motor_imagery_neurofeedback_XP2_OpenNeuro_ds002338/sub-xp219_ses-nosession_1dNF_1dNF_run-01.npz,False,322,0.0,85.0,85.0,sub-xp219_ses-nosession_1dNF_1dNF_run-01,1.0,1.0,1.0,331.5,10.5,200.0,sub-xp219,1dNF
Motor_imagery_neurofeedback_XP2_OpenNeuro_ds002338,data/pooled_raw_schaefer100_mni_proxy_full_mask_min80/run_cache/Motor_imagery_neurofeedback_XP2_OpenNeuro_ds002338/sub-xp220_ses-nosession_1dNF_1dNF_run-01.npz,False,322,0.0,85.0,85.0,sub-xp220_ses-nosession_1dNF_1dNF_run-01,1.0,1.0,1.0,331.5,10.5,200.0,sub-xp220,1dNF
Motor_imagery_neurofeedback_XP2_OpenNeuro_ds002338,data/pooled_raw_schaefer100_mni_proxy_full_mask_min80/run_cache/Motor_imagery_neurofeedback_XP2_OpenNeuro_ds002338/sub-xp221_ses-nosession_2dNF_2dNF_run-01.npz,False,322,0.0,89.0,89.0,sub-xp221_ses-nosession_2dNF_2dNF_run-01,1.0,1.0,1.0,331.5,10.5,200.0,sub-xp221,2dNF
Motor_imagery_neurofeedback_XP2_OpenNeuro_ds002338,data/pooled_raw_schaefer100_mni_proxy_full_mask_min80/run_cache/Motor_imagery_neurofeedback_XP2_OpenNeuro_ds002338/sub-xp222_ses-nosession_1dNF_1dNF_run-01.npz,False,322,0.0,86.0,86.0,sub-xp222_ses-nosession_1dNF_1dNF_run-01,1.0,1.0,1.0,331.5,10.5,200.0,sub-xp222,1dNF
Multi_session_EEG_fMRI_experience_sampling_OpenNeuro_ds007216,data/pooled_raw_schaefer100_mni_proxy_full_mask_min80/run_cache/Multi_session_EEG_fMRI_experience_sampling_OpenNeuro_ds007216/sub-001_ses-001_ExperienceSampling_ExperienceSampling_run-001.npz,False,288,1.0,100.0,100.0,sub-001_ses-001_ExperienceSampling_ExperienceSampling_run-001,2.0,2.0,2.0,585.0,11.0,200.0,sub-001,ExperienceSampling
Multi_session_EEG_fMRI_experience_sampling_OpenNeuro_ds007216,data/pooled_raw_schaefer100_mni_proxy_full_mask_min80/run_cache/Multi_session_EEG_fMRI_experience_sampling_OpenNeuro_ds007216/sub-002_ses-001_ExperienceSampling_ExperienceSampling_run-001.npz,False,312,1.0,100.0,100.0,sub-002_ses-001_ExperienceSampling_ExperienceSampling_run-001,2.0,2.0,2.0,633.0,11.0,200.0,sub-002,ExperienceSampling
Multi_session_EEG_fMRI_experience_sampling_OpenNeuro_ds007216,data/pooled_raw_schaefer100_mni_proxy_full_mask_min80/run_cache/Multi_session_EEG_fMRI_experience_sampling_OpenNeuro_ds007216/sub-003_ses-001_ExperienceSampling_ExperienceSampling_run-001.npz,False,355,1.0,100.0,100.0,sub-003_ses-001_ExperienceSampling_ExperienceSampling_run-001,2.0,2.0,2.0,719.0,11.0,200.0,sub-003,ExperienceSampling
Multi_session_EEG_fMRI_experience_sampling_OpenNeuro_ds007216,data/pooled_raw_schaefer100_mni_proxy_full_mask_min80/run_cache/Multi_session_EEG_fMRI_experience_sampling_OpenNeuro_ds007216/sub-004_ses-001_ExperienceSampling_ExperienceSampling_run-001.npz,False,308,1.0,100.0,100.0,sub-004_ses-001_ExperienceSampling_ExperienceSampling_run-001,2.0,2.0,2.0,625.0,11.0,200.0,sub-004,ExperienceSampling
Multi_session_EEG_fMRI_experience_sampling_OpenNeuro_ds007216,data/pooled_raw_schaefer100_mni_proxy_full_mask_min80/run_cache/Multi_session_EEG_fMRI_experience_sampling_OpenNeuro_ds007216/sub-005_ses-001_ExperienceSampling_ExperienceSampling_run-001.npz,False,320,1.0,100.0,100.0,sub-005_ses-001_ExperienceSampling_ExperienceSampling_run-001,2.0,2.0,2.0,649.0,11.0,200.0,sub-005,ExperienceSampling
Multi_session_EEG_fMRI_experience_sampling_OpenNeuro_ds007216,data/pooled_raw_schaefer100_mni_proxy_full_mask_min80/run_cache/Multi_session_EEG_fMRI_experience_sampling_OpenNeuro_ds007216/sub-006_ses-001_ExperienceSampling_ExperienceSampling_run-001.npz,False,337,1.0,100.0,100.0,sub-006_ses-001_ExperienceSampling_ExperienceSampling_run-001,2.0,2.0,2.0,683.0,11.0,200.0,sub-006,ExperienceSampling
Multi_session_EEG_fMRI_experience_sampling_OpenNeuro_ds007216,data/pooled_raw_schaefer100_mni_proxy_full_mask_min80/run_cache/Multi_session_EEG_fMRI_experience_sampling_OpenNeuro_ds007216/sub-007_ses-001_ExperienceSampling_ExperienceSampling_run-001.npz,False,345,1.0,100.0,100.0,sub-007_ses-001_ExperienceSampling_ExperienceSampling_run-001,2.0,2.0,2.0,699.0,11.0,200.0,sub-007,ExperienceSampling
Multi_session_EEG_fMRI_experience_sampling_OpenNeuro_ds007216,data/pooled_raw_schaefer100_mni_proxy_full_mask_min80/run_cache/Multi_session_EEG_fMRI_experience_sampling_OpenNeuro_ds007216/sub-008_ses-001_ExperienceSampling_ExperienceSampling_run-001.npz,False,315,1.0,100.0,100.0,sub-008_ses-001_ExperienceSampling_ExperienceSampling_run-001,2.0,2.0,2.0,639.0,11.0,200.0,sub-008,ExperienceSampling
Multi_session_EEG_fMRI_experience_sampling_OpenNeuro_ds007216,data/pooled_raw_schaefer100_mni_proxy_full_mask_min80/run_cache/Multi_session_EEG_fMRI_experience_sampling_OpenNeuro_ds007216/sub-009_ses-001_ExperienceSampling_ExperienceSampling_run-001.npz,False,368,1.0,100.0,100.0,sub-009_ses-001_ExperienceSampling_ExperienceSampling_run-001,2.0,2.0,2.0,745.0,11.0,200.0,sub-009,ExperienceSampling
Multi_session_EEG_fMRI_experience_sampling_OpenNeuro_ds007216,data/pooled_raw_schaefer100_mni_proxy_full_mask_min80/run_cache/Multi_session_EEG_fMRI_experience_sampling_OpenNeuro_ds007216/sub-010_ses-001_ExperienceSampling_ExperienceSampling_run-001.npz,False,306,1.0,100.0,100.0,sub-010_ses-001_ExperienceSampling_ExperienceSampling_run-001,2.0,2.0,2.0,621.0,11.0,200.0,sub-010,ExperienceSampling
Multi_session_EEG_fMRI_experience_sampling_OpenNeuro_ds007216,data/pooled_raw_schaefer100_mni_proxy_full_mask_min80/run_cache/Multi_session_EEG_fMRI_experience_sampling_OpenNeuro_ds007216/sub-011_ses-001_ExperienceSampling_ExperienceSampling_run-001.npz,False,401,1.0,100.0,100.0,sub-011_ses-001_ExperienceSampling_ExperienceSampling_run-001,2.0,2.0,2.0,811.0,11.0,200.0,sub-011,ExperienceSampling
Multi_session_EEG_fMRI_experience_sampling_OpenNeuro_ds007216,data/pooled_raw_schaefer100_mni_proxy_full_mask_min80/run_cache/Multi_session_EEG_fMRI_experience_sampling_OpenNeuro_ds007216/sub-012_ses-001_ExperienceSampling_ExperienceSampling_run-001.npz,False,373,1.0,100.0,100.0,sub-012_ses-001_ExperienceSampling_ExperienceSampling_run-001,2.0,2.0,2.0,755.0,11.0,200.0,sub-012,ExperienceSampling
Multi_session_EEG_fMRI_experience_sampling_OpenNeuro_ds007216,data/pooled_raw_schaefer100_mni_proxy_full_mask_min80/run_cache/Multi_session_EEG_fMRI_experience_sampling_OpenNeuro_ds007216/sub-013_ses-001_ExperienceSampling_ExperienceSampling_run-001.npz,False,289,1.0,100.0,100.0,sub-013_ses-001_ExperienceSampling_ExperienceSampling_run-001,2.0,2.0,2.0,587.0,11.0,200.0,sub-013,ExperienceSampling
Multi_session_EEG_fMRI_experience_sampling_OpenNeuro_ds007216,data/pooled_raw_schaefer100_mni_proxy_full_mask_min80/run_cache/Multi_session_EEG_fMRI_experience_sampling_OpenNeuro_ds007216/sub-014_ses-001_ExperienceSampling_ExperienceSampling_run-001.npz,False,300,1.0,100.0,100.0,sub-014_ses-001_ExperienceSampling_ExperienceSampling_run-001,2.0,2.0,2.0,609.0,11.0,200.0,sub-014,ExperienceSampling
Multi_session_EEG_fMRI_experience_sampling_OpenNeuro_ds007216,data/pooled_raw_schaefer100_mni_proxy_full_mask_min80/run_cache/Multi_session_EEG_fMRI_experience_sampling_OpenNeuro_ds007216/sub-015_ses-001_ExperienceSampling_ExperienceSampling_run-001.npz,False,376,1.0,100.0,100.0,sub-015_ses-001_ExperienceSampling_ExperienceSampling_run-001,2.0,2.0,2.0,761.0,11.0,200.0,sub-015,ExperienceSampling
Multi_session_EEG_fMRI_experience_sampling_OpenNeuro_ds007216,data/pooled_raw_schaefer100_mni_proxy_full_mask_min80/run_cache/Multi_session_EEG_fMRI_experience_sampling_OpenNeuro_ds007216/sub-016_ses-001_ExperienceSampling_ExperienceSampling_run-001.npz,False,309,1.0,100.0,100.0,sub-016_ses-001_ExperienceSampling_ExperienceSampling_run-001,2.0,2.0,2.0,627.0,11.0,200.0,sub-016,ExperienceSampling
Multi_session_EEG_fMRI_experience_sampling_OpenNeuro_ds007216,data/pooled_raw_schaefer100_mni_proxy_full_mask_min80/run_cache/Multi_session_EEG_fMRI_experience_sampling_OpenNeuro_ds007216/sub-017_ses-001_ExperienceSampling_ExperienceSampling_run-001.npz,False,317,1.0,100.0,100.0,sub-017_ses-001_ExperienceSampling_ExperienceSampling_run-001,2.0,2.0,2.0,643.0,11.0,200.0,sub-017,ExperienceSampling
Multi_session_EEG_fMRI_experience_sampling_OpenNeuro_ds007216,data/pooled_raw_schaefer100_mni_proxy_full_mask_min80/run_cache/Multi_session_EEG_fMRI_experience_sampling_OpenNeuro_ds007216/sub-018_ses-001_ExperienceSampling_ExperienceSampling_run-001.npz,False,362,1.0,100.0,100.0,sub-018_ses-001_ExperienceSampling_ExperienceSampling_run-001,2.0,2.0,2.0,733.0,11.0,200.0,sub-018,ExperienceSampling
Multi_session_EEG_fMRI_experience_sampling_OpenNeuro_ds007216,data/pooled_raw_schaefer100_mni_proxy_full_mask_min80/run_cache/Multi_session_EEG_fMRI_experience_sampling_OpenNeuro_ds007216/sub-019_ses-001_ExperienceSampling_ExperienceSampling_run-001.npz,False,368,1.0,100.0,100.0,sub-019_ses-001_ExperienceSampling_ExperienceSampling_run-001,2.0,2.0,2.0,745.0,11.0,200.0,sub-019,ExperienceSampling
Multi_session_EEG_fMRI_experience_sampling_OpenNeuro_ds007216,data/pooled_raw_schaefer100_mni_proxy_full_mask_min80/run_cache/Multi_session_EEG_fMRI_experience_sampling_OpenNeuro_ds007216/sub-020_ses-001_ExperienceSampling_ExperienceSampling_run-001.npz,False,334,1.0,100.0,100.0,sub-020_ses-001_ExperienceSampling_ExperienceSampling_run-001,2.0,2.0,2.0,677.0,11.0,200.0,sub-020,ExperienceSampling
Multi_session_EEG_fMRI_experience_sampling_OpenNeuro_ds007216,data/pooled_raw_schaefer100_mni_proxy_full_mask_min80/run_cache/Multi_session_EEG_fMRI_experience_sampling_OpenNeuro_ds007216/sub-021_ses-001_ExperienceSampling_ExperienceSampling_run-001.npz,False,288,1.0,100.0,100.0,sub-021_ses-001_ExperienceSampling_ExperienceSampling_run-001,2.0,2.0,2.0,585.0,11.0,200.0,sub-021,ExperienceSampling
Multi_session_EEG_fMRI_experience_sampling_OpenNeuro_ds007216,data/pooled_raw_schaefer100_mni_proxy_full_mask_min80/run_cache/Multi_session_EEG_fMRI_experience_sampling_OpenNeuro_ds007216/sub-023_ses-001_ExperienceSampling_ExperienceSampling_run-001.npz,False,284,1.0,100.0,100.0,sub-023_ses-001_ExperienceSampling_ExperienceSampling_run-001,2.0,2.0,2.0,577.0,11.0,200.0,sub-023,ExperienceSampling
Multi_session_EEG_fMRI_experience_sampling_OpenNeuro_ds007216,data/pooled_raw_schaefer100_mni_proxy_full_mask_min80/run_cache/Multi_session_EEG_fMRI_experience_sampling_OpenNeuro_ds007216/sub-024_ses-001_ExperienceSampling_ExperienceSampling_run-001.npz,False,371,1.0,100.0,100.0,sub-024_ses-001_ExperienceSampling_ExperienceSampling_run-001,2.0,2.0,2.0,751.0,11.0,200.0,sub-024,ExperienceSampling
Multi_session_EEG_fMRI_experience_sampling_OpenNeuro_ds007216,data/pooled_raw_schaefer100_mni_proxy_full_mask_min80/run_cache/Multi_session_EEG_fMRI_experience_sampling_OpenNeuro_ds007216/sub-025_ses-001_ExperienceSampling_ExperienceSampling_run-001.npz,False,283,1.0,100.0,100.0,sub-025_ses-001_ExperienceSampling_ExperienceSampling_run-001,2.0,2.0,2.0,575.0,11.0,200.0,sub-025,ExperienceSampling
Sleep_rest_EEG_fMRI_OpenNeuro_ds003768,data/pooled_raw_schaefer100_mni_proxy_full_mask_min80/run_cache/Sleep_rest_EEG_fMRI_OpenNeuro_ds003768/sub-01_ses-nosession_rest_rest_run-1.npz,False,281,1.0,100.0,100.0,sub-01_ses-nosession_rest_rest_run-1,2.10003662109375,2.100006103515625,2.0999755859375,599.5499877929688,11.549999237060547,200.0,sub-01,rest
Sleep_rest_EEG_fMRI_OpenNeuro_ds003768,data/pooled_raw_schaefer100_mni_proxy_full_mask_min80/run_cache/Sleep_rest_EEG_fMRI_OpenNeuro_ds003768/sub-02_ses-nosession_rest_rest_run-1.npz,False,281,1.0,100.0,100.0,sub-02_ses-nosession_rest_rest_run-1,2.10003662109375,2.100006103515625,2.0999755859375,599.5499877929688,11.549999237060547,200.0,sub-02,rest
Sleep_rest_EEG_fMRI_OpenNeuro_ds003768,data/pooled_raw_schaefer100_mni_proxy_full_mask_min80/run_cache/Sleep_rest_EEG_fMRI_OpenNeuro_ds003768/sub-03_ses-nosession_rest_rest_run-1.npz,False,281,1.0,100.0,100.0,sub-03_ses-nosession_rest_rest_run-1,2.10003662109375,2.100006103515625,2.0999755859375,599.5499877929688,11.549999237060547,200.0,sub-03,rest
Sleep_rest_EEG_fMRI_OpenNeuro_ds003768,data/pooled_raw_schaefer100_mni_proxy_full_mask_min80/run_cache/Sleep_rest_EEG_fMRI_OpenNeuro_ds003768/sub-04_ses-nosession_rest_rest_run-1.npz,False,281,1.0,100.0,100.0,sub-04_ses-nosession_rest_rest_run-1,2.10003662109375,2.100006103515625,2.0999755859375,599.5499877929688,11.549999237060547,200.0,sub-04,rest
Sleep_rest_EEG_fMRI_OpenNeuro_ds003768,data/pooled_raw_schaefer100_mni_proxy_full_mask_min80/run_cache/Sleep_rest_EEG_fMRI_OpenNeuro_ds003768/sub-05_ses-nosession_rest_rest_run-1.npz,False,281,1.0,100.0,100.0,sub-05_ses-nosession_rest_rest_run-1,2.10003662109375,2.100006103515625,2.0999755859375,599.5499877929688,11.549999237060547,200.0,sub-05,rest
Sleep_rest_EEG_fMRI_OpenNeuro_ds003768,data/pooled_raw_schaefer100_mni_proxy_full_mask_min80/run_cache/Sleep_rest_EEG_fMRI_OpenNeuro_ds003768/sub-06_ses-nosession_rest_rest_run-1.npz,False,281,1.0,100.0,100.0,sub-06_ses-nosession_rest_rest_run-1,2.10003662109375,2.100006103515625,2.0999755859375,599.5499877929688,11.549999237060547,200.0,sub-06,rest
Sleep_rest_EEG_fMRI_OpenNeuro_ds003768,data/pooled_raw_schaefer100_mni_proxy_full_mask_min80/run_cache/Sleep_rest_EEG_fMRI_OpenNeuro_ds003768/sub-07_ses-nosession_rest_rest_run-1.npz,False,281,1.0,100.0,100.0,sub-07_ses-nosession_rest_rest_run-1,2.10003662109375,2.100006103515625,2.0999755859375,599.5499877929688,11.549999237060547,200.0,sub-07,rest
Sleep_rest_EEG_fMRI_OpenNeuro_ds003768,data/pooled_raw_schaefer100_mni_proxy_full_mask_min80/run_cache/Sleep_rest_EEG_fMRI_OpenNeuro_ds003768/sub-08_ses-nosession_rest_rest_run-1.npz,False,281,1.0,100.0,100.0,sub-08_ses-nosession_rest_rest_run-1,2.10003662109375,2.100006103515625,2.0999755859375,599.5499877929688,11.549999237060547,200.0,sub-08,rest
Sleep_rest_EEG_fMRI_OpenNeuro_ds003768,data/pooled_raw_schaefer100_mni_proxy_full_mask_min80/run_cache/Sleep_rest_EEG_fMRI_OpenNeuro_ds003768/sub-09_ses-nosession_rest_rest_run-1.npz,False,281,1.0,100.0,100.0,sub-09_ses-nosession_rest_rest_run-1,2.10003662109375,2.100006103515625,2.0999755859375,599.5499877929688,11.549999237060547,200.0,sub-09,rest
Sleep_rest_EEG_fMRI_OpenNeuro_ds003768,data/pooled_raw_schaefer100_mni_proxy_full_mask_min80/run_cache/Sleep_rest_EEG_fMRI_OpenNeuro_ds003768/sub-10_ses-nosession_rest_rest_run-1.npz,False,281,1.0,100.0,100.0,sub-10_ses-nosession_rest_rest_run-1,2.10003662109375,2.100006103515625,2.0999755859375,599.5499877929688,11.549999237060547,200.0,sub-10,rest
Sleep_rest_EEG_fMRI_OpenNeuro_ds003768,data/pooled_raw_schaefer100_mni_proxy_full_mask_min80/run_cache/Sleep_rest_EEG_fMRI_OpenNeuro_ds003768/sub-11_ses-nosession_rest_rest_run-1.npz,False,281,1.0,100.0,100.0,sub-11_ses-nosession_rest_rest_run-1,2.10003662109375,2.100006103515625,2.0999755859375,599.5499877929688,11.549999237060547,200.0,sub-11,rest
Sleep_rest_EEG_fMRI_OpenNeuro_ds003768,data/pooled_raw_schaefer100_mni_proxy_full_mask_min80/run_cache/Sleep_rest_EEG_fMRI_OpenNeuro_ds003768/sub-12_ses-nosession_rest_rest_run-1.npz,False,281,1.0,100.0,100.0,sub-12_ses-nosession_rest_rest_run-1,2.10003662109375,2.100006103515625,2.0999755859375,599.5499877929688,11.549999237060547,200.0,sub-12,rest
Sleep_rest_EEG_fMRI_OpenNeuro_ds003768,data/pooled_raw_schaefer100_mni_proxy_full_mask_min80/run_cache/Sleep_rest_EEG_fMRI_OpenNeuro_ds003768/sub-13_ses-nosession_rest_rest_run-1.npz,False,281,1.0,100.0,100.0,sub-13_ses-nosession_rest_rest_run-1,2.10003662109375,2.100006103515625,2.0999755859375,599.5499877929688,11.549999237060547,200.0,sub-13,rest
Sleep_rest_EEG_fMRI_OpenNeuro_ds003768,data/pooled_raw_schaefer100_mni_proxy_full_mask_min80/run_cache/Sleep_rest_EEG_fMRI_OpenNeuro_ds003768/sub-14_ses-nosession_rest_rest_run-1.npz,False,281,1.0,100.0,100.0,sub-14_ses-nosession_rest_rest_run-1,2.10003662109375,2.100006103515625,2.0999755859375,599.5499877929688,11.549999237060547,200.0,sub-14,rest
Sleep_rest_EEG_fMRI_OpenNeuro_ds003768,data/pooled_raw_schaefer100_mni_proxy_full_mask_min80/run_cache/Sleep_rest_EEG_fMRI_OpenNeuro_ds003768/sub-15_ses-nosession_rest_rest_run-1.npz,False,281,1.0,100.0,100.0,sub-15_ses-nosession_rest_rest_run-1,2.10003662109375,2.100006103515625,2.0999755859375,599.5499877929688,11.549999237060547,200.0,sub-15,rest
Sleep_rest_EEG_fMRI_OpenNeuro_ds003768,data/pooled_raw_schaefer100_mni_proxy_full_mask_min80/run_cache/Sleep_rest_EEG_fMRI_OpenNeuro_ds003768/sub-16_ses-nosession_rest_rest_run-1.npz,False,281,1.0,100.0,100.0,sub-16_ses-nosession_rest_rest_run-1,2.10003662109375,2.100006103515625,2.0999755859375,599.5499877929688,11.549999237060547,200.0,sub-16,rest
Sleep_rest_EEG_fMRI_OpenNeuro_ds003768,data/pooled_raw_schaefer100_mni_proxy_full_mask_min80/run_cache/Sleep_rest_EEG_fMRI_OpenNeuro_ds003768/sub-17_ses-nosession_rest_rest_run-1.npz,False,281,1.0,100.0,100.0,sub-17_ses-nosession_rest_rest_run-1,2.10003662109375,2.100006103515625,2.0999755859375,599.5499877929688,11.549999237060547,200.0,sub-17,rest
Sleep_rest_EEG_fMRI_OpenNeuro_ds003768,data/pooled_raw_schaefer100_mni_proxy_full_mask_min80/run_cache/Sleep_rest_EEG_fMRI_OpenNeuro_ds003768/sub-18_ses-nosession_rest_rest_run-1.npz,False,281,1.0,100.0,100.0,sub-18_ses-nosession_rest_rest_run-1,2.10003662109375,2.100006103515625,2.0999755859375,599.5499877929688,11.549999237060547,200.0,sub-18,rest
Sleep_rest_EEG_fMRI_OpenNeuro_ds003768,data/pooled_raw_schaefer100_mni_proxy_full_mask_min80/run_cache/Sleep_rest_EEG_fMRI_OpenNeuro_ds003768/sub-19_ses-nosession_rest_rest_run-1.npz,False,281,1.0,100.0,100.0,sub-19_ses-nosession_rest_rest_run-1,2.10003662109375,2.100006103515625,2.0999755859375,599.5499877929688,11.549999237060547,200.0,sub-19,rest
Sleep_rest_EEG_fMRI_OpenNeuro_ds003768,data/pooled_raw_schaefer100_mni_proxy_full_mask_min80/run_cache/Sleep_rest_EEG_fMRI_OpenNeuro_ds003768/sub-20_ses-nosession_rest_rest_run-1.npz,False,281,1.0,100.0,100.0,sub-20_ses-nosession_rest_rest_run-1,2.10003662109375,2.100006103515625,2.0999755859375,599.5499877929688,11.549999237060547,200.0,sub-20,rest
Sleep_rest_EEG_fMRI_OpenNeuro_ds003768,data/pooled_raw_schaefer100_mni_proxy_full_mask_min80/run_cache/Sleep_rest_EEG_fMRI_OpenNeuro_ds003768/sub-21_ses-nosession_rest_rest_run-1.npz,False,281,1.0,100.0,100.0,sub-21_ses-nosession_rest_rest_run-1,2.10003662109375,2.100006103515625,2.0999755859375,599.5499877929688,11.549999237060547,200.0,sub-21,rest
Sleep_rest_EEG_fMRI_OpenNeuro_ds003768,data/pooled_raw_schaefer100_mni_proxy_full_mask_min80/run_cache/Sleep_rest_EEG_fMRI_OpenNeuro_ds003768/sub-22_ses-nosession_rest_rest_run-1.npz,False,281,1.0,100.0,100.0,sub-22_ses-nosession_rest_rest_run-1,2.10003662109375,2.100006103515625,2.0999755859375,599.5499877929688,11.549999237060547,200.0,sub-22,rest
Sleep_rest_EEG_fMRI_OpenNeuro_ds003768,data/pooled_raw_schaefer100_mni_proxy_full_mask_min80/run_cache/Sleep_rest_EEG_fMRI_OpenNeuro_ds003768/sub-23_ses-nosession_rest_rest_run-1.npz,False,281,1.0,100.0,100.0,sub-23_ses-nosession_rest_rest_run-1,2.10003662109375,2.100006103515625,2.0999755859375,599.5499877929688,11.549999237060547,200.0,sub-23,rest
Sleep_rest_EEG_fMRI_OpenNeuro_ds003768,data/pooled_raw_schaefer100_mni_proxy_full_mask_min80/run_cache/Sleep_rest_EEG_fMRI_OpenNeuro_ds003768/sub-24_ses-nosession_rest_rest_run-1.npz,False,281,1.0,100.0,100.0,sub-24_ses-nosession_rest_rest_run-1,2.10003662109375,2.100006103515625,2.0999755859375,599.5499877929688,11.549999237060547,200.0,sub-24,rest
Sleep_rest_EEG_fMRI_OpenNeuro_ds003768,data/pooled_raw_schaefer100_mni_proxy_full_mask_min80/run_cache/Sleep_rest_EEG_fMRI_OpenNeuro_ds003768/sub-25_ses-nosession_rest_rest_run-1.npz,False,281,1.0,100.0,100.0,sub-25_ses-nosession_rest_rest_run-1,2.10003662109375,2.100006103515625,2.0999755859375,599.5499877929688,11.549999237060547,200.0,sub-25,rest
Sleep_rest_EEG_fMRI_OpenNeuro_ds003768,data/pooled_raw_schaefer100_mni_proxy_full_mask_min80/run_cache/Sleep_rest_EEG_fMRI_OpenNeuro_ds003768/sub-26_ses-nosession_rest_rest_run-1.npz,False,281,1.0,100.0,100.0,sub-26_ses-nosession_rest_rest_run-1,2.10003662109375,2.100006103515625,2.0999755859375,599.5499877929688,11.549999237060547,200.0,sub-26,rest
Sleep_rest_EEG_fMRI_OpenNeuro_ds003768,data/pooled_raw_schaefer100_mni_proxy_full_mask_min80/run_cache/Sleep_rest_EEG_fMRI_OpenNeuro_ds003768/sub-27_ses-nosession_rest_rest_run-1.npz,False,281,1.0,100.0,100.0,sub-27_ses-nosession_rest_rest_run-1,2.10003662109375,2.100006103515625,2.0999755859375,599.5499877929688,11.549999237060547,200.0,sub-27,rest
Sleep_rest_EEG_fMRI_OpenNeuro_ds003768,data/pooled_raw_schaefer100_mni_proxy_full_mask_min80/run_cache/Sleep_rest_EEG_fMRI_OpenNeuro_ds003768/sub-28_ses-nosession_rest_rest_run-1.npz,False,281,1.0,100.0,100.0,sub-28_ses-nosession_rest_rest_run-1,2.10003662109375,2.100006103515625,2.0999755859375,599.5499877929688,11.549999237060547,200.0,sub-28,rest
Sleep_rest_EEG_fMRI_OpenNeuro_ds003768,data/pooled_raw_schaefer100_mni_proxy_full_mask_min80/run_cache/Sleep_rest_EEG_fMRI_OpenNeuro_ds003768/sub-29_ses-nosession_rest_rest_run-1.npz,False,281,1.0,100.0,100.0,sub-29_ses-nosession_rest_rest_run-1,2.10003662109375,2.100006103515625,2.0999755859375,599.5499877929688,11.549999237060547,200.0,sub-29,rest
Sleep_rest_EEG_fMRI_OpenNeuro_ds003768,data/pooled_raw_schaefer100_mni_proxy_full_mask_min80/run_cache/Sleep_rest_EEG_fMRI_OpenNeuro_ds003768/sub-30_ses-nosession_rest_rest_run-1.npz,False,281,1.0,100.0,100.0,sub-30_ses-nosession_rest_rest_run-1,2.10003662109375,2.100006103515625,2.0999755859375,599.5499877929688,11.549999237060547,200.0,sub-30,rest
Sleep_rest_EEG_fMRI_OpenNeuro_ds003768,data/pooled_raw_schaefer100_mni_proxy_full_mask_min80/run_cache/Sleep_rest_EEG_fMRI_OpenNeuro_ds003768/sub-31_ses-nosession_rest_rest_run-1.npz,False,281,1.0,100.0,100.0,sub-31_ses-nosession_rest_rest_run-1,2.10003662109375,2.100006103515625,2.0999755859375,599.5499877929688,11.549999237060547,200.0,sub-31,rest
Sleep_rest_EEG_fMRI_OpenNeuro_ds003768,data/pooled_raw_schaefer100_mni_proxy_full_mask_min80/run_cache/Sleep_rest_EEG_fMRI_OpenNeuro_ds003768/sub-32_ses-nosession_rest_rest_run-1.npz,False,281,1.0,100.0,100.0,sub-32_ses-nosession_rest_rest_run-1,2.10003662109375,2.100006103515625,2.0999755859375,599.5499877929688,11.549999237060547,200.0,sub-32,rest
Sleep_rest_EEG_fMRI_OpenNeuro_ds003768,data/pooled_raw_schaefer100_mni_proxy_full_mask_min80/run_cache/Sleep_rest_EEG_fMRI_OpenNeuro_ds003768/sub-33_ses-nosession_rest_rest_run-1.npz,False,281,1.0,100.0,100.0,sub-33_ses-nosession_rest_rest_run-1,2.10003662109375,2.100006103515625,2.0999755859375,599.5499877929688,11.549999237060547,200.0,sub-33,rest
Speeded_perceptual_judgments_confidence_OpenNeuro_ds002158,data/pooled_raw_schaefer100_mni_proxy_full_mask_min80/run_cache/Speeded_perceptual_judgments_confidence_OpenNeuro_ds002158/sub-02_ses-001_main_main_run-001.npz,False,367,1.0,100.0,100.0,sub-02_ses-001_main_main_run-001,1.280029296875,1.279998779296875,1.2799835205078125,479.3599853515625,10.880000114440918,200.0,sub-02,main
Speeded_perceptual_judgments_confidence_OpenNeuro_ds002158,data/pooled_raw_schaefer100_mni_proxy_full_mask_min80/run_cache/Speeded_perceptual_judgments_confidence_OpenNeuro_ds002158/sub-04_ses-001_main_main_run-001.npz,False,365,1.0,100.0,100.0,sub-04_ses-001_main_main_run-001,1.280029296875,1.279998779296875,1.2799835205078125,476.79998779296875,10.880000114440918,200.0,sub-04,main
Speeded_perceptual_judgments_confidence_OpenNeuro_ds002158,data/pooled_raw_schaefer100_mni_proxy_full_mask_min80/run_cache/Speeded_perceptual_judgments_confidence_OpenNeuro_ds002158/sub-07_ses-001_main_main_run-001.npz,False,365,1.0,100.0,100.0,sub-07_ses-001_main_main_run-001,1.280029296875,1.279998779296875,1.2799835205078125,476.79998779296875,10.880000114440918,200.0,sub-07,main
Speeded_perceptual_judgments_confidence_OpenNeuro_ds002158,data/pooled_raw_schaefer100_mni_proxy_full_mask_min80/run_cache/Speeded_perceptual_judgments_confidence_OpenNeuro_ds002158/sub-08_ses-001_main_main_run-001.npz,False,365,1.0,100.0,100.0,sub-08_ses-001_main_main_run-001,1.280029296875,1.279998779296875,1.2799835205078125,476.79998779296875,10.880000114440918,200.0,sub-08,main
Speeded_perceptual_judgments_confidence_OpenNeuro_ds002158,data/pooled_raw_schaefer100_mni_proxy_full_mask_min80/run_cache/Speeded_perceptual_judgments_confidence_OpenNeuro_ds002158/sub-09_ses-001_main_main_run-001.npz,False,365,1.0,100.0,100.0,sub-09_ses-001_main_main_run-001,1.280029296875,1.279998779296875,1.2799835205078125,476.79998779296875,10.880000114440918,200.0,sub-09,main
Speeded_perceptual_judgments_confidence_OpenNeuro_ds002158,data/pooled_raw_schaefer100_mni_proxy_full_mask_min80/run_cache/Speeded_perceptual_judgments_confidence_OpenNeuro_ds002158/sub-10_ses-001_main_main_run-001.npz,False,365,1.0,100.0,100.0,sub-10_ses-001_main_main_run-001,1.280029296875,1.279998779296875,1.2799835205078125,476.79998779296875,10.880000114440918,200.0,sub-10,main
Speeded_perceptual_judgments_confidence_OpenNeuro_ds002158,data/pooled_raw_schaefer100_mni_proxy_full_mask_min80/run_cache/Speeded_perceptual_judgments_confidence_OpenNeuro_ds002158/sub-11_ses-001_main_main_run-001.npz,False,365,1.0,100.0,100.0,sub-11_ses-001_main_main_run-001,1.280029296875,1.279998779296875,1.2799835205078125,476.79998779296875,10.880000114440918,200.0,sub-11,main
Speeded_perceptual_judgments_confidence_OpenNeuro_ds002158,data/pooled_raw_schaefer100_mni_proxy_full_mask_min80/run_cache/Speeded_perceptual_judgments_confidence_OpenNeuro_ds002158/sub-12_ses-001_main_main_run-001.npz,False,365,1.0,100.0,100.0,sub-12_ses-001_main_main_run-001,1.280029296875,1.279998779296875,1.2799835205078125,476.79998779296875,10.880000114440918,200.0,sub-12,main
Speeded_perceptual_judgments_confidence_OpenNeuro_ds002158,data/pooled_raw_schaefer100_mni_proxy_full_mask_min80/run_cache/Speeded_perceptual_judgments_confidence_OpenNeuro_ds002158/sub-13_ses-001_main_main_run-001.npz,False,365,1.0,100.0,100.0,sub-13_ses-001_main_main_run-001,1.280029296875,1.279998779296875,1.2799835205078125,476.79998779296875,10.880000114440918,200.0,sub-13,main
Speeded_perceptual_judgments_confidence_OpenNeuro_ds002158,data/pooled_raw_schaefer100_mni_proxy_full_mask_min80/run_cache/Speeded_perceptual_judgments_confidence_OpenNeuro_ds002158/sub-14_ses-001_main_main_run-005.npz,False,365,1.0,100.0,100.0,sub-14_ses-001_main_main_run-005,1.280029296875,1.279998779296875,1.2799835205078125,476.79998779296875,10.880000114440918,200.0,sub-14,main
Speeded_perceptual_judgments_confidence_OpenNeuro_ds002158,data/pooled_raw_schaefer100_mni_proxy_full_mask_min80/run_cache/Speeded_perceptual_judgments_confidence_OpenNeuro_ds002158/sub-15_ses-001_main_main_run-001.npz,False,365,1.0,100.0,100.0,sub-15_ses-001_main_main_run-001,1.280029296875,1.279998779296875,1.2799835205078125,476.79998779296875,10.880000114440918,200.0,sub-15,main
Speeded_perceptual_judgments_confidence_OpenNeuro_ds002158,data/pooled_raw_schaefer100_mni_proxy_full_mask_min80/run_cache/Speeded_perceptual_judgments_confidence_OpenNeuro_ds002158/sub-16_ses-001_main_main_run-001.npz,False,365,1.0,100.0,100.0,sub-16_ses-001_main_main_run-001,1.280029296875,1.279998779296875,1.2799835205078125,476.79998779296875,10.880000114440918,200.0,sub-16,main
Speeded_perceptual_judgments_confidence_OpenNeuro_ds002158,data/pooled_raw_schaefer100_mni_proxy_full_mask_min80/run_cache/Speeded_perceptual_judgments_confidence_OpenNeuro_ds002158/sub-17_ses-001_main_main_run-001.npz,False,365,1.0,100.0,100.0,sub-17_ses-001_main_main_run-001,1.280029296875,1.279998779296875,1.2799835205078125,476.79998779296875,10.880000114440918,200.0,sub-17,main
Speeded_perceptual_judgments_confidence_OpenNeuro_ds002158,data/pooled_raw_schaefer100_mni_proxy_full_mask_min80/run_cache/Speeded_perceptual_judgments_confidence_OpenNeuro_ds002158/sub-18_ses-001_main_main_run-001.npz,False,365,1.0,100.0,100.0,sub-18_ses-001_main_main_run-001,1.280029296875,1.279998779296875,1.2799835205078125,476.79998779296875,10.880000114440918,200.0,sub-18,main
Speeded_perceptual_judgments_confidence_OpenNeuro_ds002158,data/pooled_raw_schaefer100_mni_proxy_full_mask_min80/run_cache/Speeded_perceptual_judgments_confidence_OpenNeuro_ds002158/sub-19_ses-001_main_main_run-001.npz,False,311,1.0,100.0,100.0,sub-19_ses-001_main_main_run-001,1.280029296875,1.279998779296875,1.2799835205078125,407.67999267578125,10.880000114440918,200.0,sub-19,main
Speeded_perceptual_judgments_confidence_OpenNeuro_ds002158,data/pooled_raw_schaefer100_mni_proxy_full_mask_min80/run_cache/Speeded_perceptual_judgments_confidence_OpenNeuro_ds002158/sub-20_ses-001_main_main_run-007.npz,False,365,1.0,100.0,100.0,sub-20_ses-001_main_main_run-007,1.280029296875,1.279998779296875,1.2799835205078125,476.79998779296875,10.880000114440918,200.0,sub-20,main
Speeded_perceptual_judgments_confidence_OpenNeuro_ds002158,data/pooled_raw_schaefer100_mni_proxy_full_mask_min80/run_cache/Speeded_perceptual_judgments_confidence_OpenNeuro_ds002158/sub-21_ses-001_main_main_run-001.npz,False,365,1.0,100.0,100.0,sub-21_ses-001_main_main_run-001,1.280029296875,1.279998779296875,1.2799835205078125,476.79998779296875,10.880000114440918,200.0,sub-21,main
Speeded_perceptual_judgments_confidence_OpenNeuro_ds002158,data/pooled_raw_schaefer100_mni_proxy_full_mask_min80/run_cache/Speeded_perceptual_judgments_confidence_OpenNeuro_ds002158/sub-22_ses-001_main_main_run-001.npz,False,365,1.0,100.0,100.0,sub-22_ses-001_main_main_run-001,1.280029296875,1.279998779296875,1.2799835205078125,476.79998779296875,10.880000114440918,200.0,sub-22,main
Speeded_perceptual_judgments_confidence_OpenNeuro_ds002158,data/pooled_raw_schaefer100_mni_proxy_full_mask_min80/run_cache/Speeded_perceptual_judgments_confidence_OpenNeuro_ds002158/sub-26_ses-001_main_main_run-001.npz,False,365,1.0,100.0,100.0,sub-26_ses-001_main_main_run-001,1.280029296875,1.279998779296875,1.2799835205078125,476.79998779296875,10.880000114440918,200.0,sub-26,main
gradCPT_simultaneous_EEG_fMRI_DTI_OpenNeuro_ds006040,data/pooled_raw_schaefer100_mni_proxy_full_mask_min80/run_cache/gradCPT_simultaneous_EEG_fMRI_DTI_OpenNeuro_ds006040/sub-001_ses-nosession_CBOFF_CBOFF_run-1.npz,False,150,1.0,100.0,100.0,sub-001_ses-nosession_CBOFF_CBOFF_run-1,2.0,2.0,2.0,309.0,11.0,200.0,sub-001,CBOFF
gradCPT_simultaneous_EEG_fMRI_DTI_OpenNeuro_ds006040,data/pooled_raw_schaefer100_mni_proxy_full_mask_min80/run_cache/gradCPT_simultaneous_EEG_fMRI_DTI_OpenNeuro_ds006040/sub-002_ses-nosession_CBOFF_CBOFF_run-1.npz,False,105,1.0,100.0,100.0,sub-002_ses-nosession_CBOFF_CBOFF_run-1,2.0,2.0,2.0,219.0,11.0,200.0,sub-002,CBOFF
gradCPT_simultaneous_EEG_fMRI_DTI_OpenNeuro_ds006040,data/pooled_raw_schaefer100_mni_proxy_full_mask_min80/run_cache/gradCPT_simultaneous_EEG_fMRI_DTI_OpenNeuro_ds006040/sub-004_ses-nosession_CBOFF_CBOFF_run-1.npz,False,104,1.0,100.0,100.0,sub-004_ses-nosession_CBOFF_CBOFF_run-1,2.0,2.0,2.0,217.0,11.0,200.0,sub-004,CBOFF
gradCPT_simultaneous_EEG_fMRI_DTI_OpenNeuro_ds006040,data/pooled_raw_schaefer100_mni_proxy_full_mask_min80/run_cache/gradCPT_simultaneous_EEG_fMRI_DTI_OpenNeuro_ds006040/sub-005_ses-nosession_CBOFF_CBOFF_run-1.npz,False,108,1.0,100.0,100.0,sub-005_ses-nosession_CBOFF_CBOFF_run-1,2.0,2.0,2.0,225.0,11.0,200.0,sub-005,CBOFF
gradCPT_simultaneous_EEG_fMRI_DTI_OpenNeuro_ds006040,data/pooled_raw_schaefer100_mni_proxy_full_mask_min80/run_cache/gradCPT_simultaneous_EEG_fMRI_DTI_OpenNeuro_ds006040/sub-006_ses-nosession_CBOFF_CBOFF_run-1.npz,False,108,1.0,100.0,100.0,sub-006_ses-nosession_CBOFF_CBOFF_run-1,2.0,2.0,2.0,225.0,11.0,200.0,sub-006,CBOFF
gradCPT_simultaneous_EEG_fMRI_DTI_OpenNeuro_ds006040,data/pooled_raw_schaefer100_mni_proxy_full_mask_min80/run_cache/gradCPT_simultaneous_EEG_fMRI_DTI_OpenNeuro_ds006040/sub-007_ses-nosession_CBOFF_CBOFF_run-1.npz,False,185,1.0,100.0,100.0,sub-007_ses-nosession_CBOFF_CBOFF_run-1,2.0,2.0,2.0,379.0,11.0,200.0,sub-007,CBOFF
gradCPT_simultaneous_EEG_fMRI_DTI_OpenNeuro_ds006040,data/pooled_raw_schaefer100_mni_proxy_full_mask_min80/run_cache/gradCPT_simultaneous_EEG_fMRI_DTI_OpenNeuro_ds006040/sub-008_ses-nosession_CBOFF_CBOFF_run-1.npz,False,112,1.0,100.0,100.0,sub-008_ses-nosession_CBOFF_CBOFF_run-1,2.0,2.0,2.0,233.0,11.0,200.0,sub-008,CBOFF
gradCPT_simultaneous_EEG_fMRI_DTI_OpenNeuro_ds006040,data/pooled_raw_schaefer100_mni_proxy_full_mask_min80/run_cache/gradCPT_simultaneous_EEG_fMRI_DTI_OpenNeuro_ds006040/sub-009_ses-nosession_CBOFF_CBOFF_run-1.npz,False,105,1.0,100.0,100.0,sub-009_ses-nosession_CBOFF_CBOFF_run-1,2.0,2.0,2.0,219.0,11.0,200.0,sub-009,CBOFF
gradCPT_simultaneous_EEG_fMRI_DTI_OpenNeuro_ds006040,data/pooled_raw_schaefer100_mni_proxy_full_mask_min80/run_cache/gradCPT_simultaneous_EEG_fMRI_DTI_OpenNeuro_ds006040/sub-010_ses-nosession_CBOFF_CBOFF_run-1.npz,False,103,1.0,100.0,100.0,sub-010_ses-nosession_CBOFF_CBOFF_run-1,2.0,2.0,2.0,215.0,11.0,200.0,sub-010,CBOFF
gradCPT_simultaneous_EEG_fMRI_DTI_OpenNeuro_ds006040,data/pooled_raw_schaefer100_mni_proxy_full_mask_min80/run_cache/gradCPT_simultaneous_EEG_fMRI_DTI_OpenNeuro_ds006040/sub-011_ses-nosession_CBOFF_CBOFF_run-1.npz,False,107,1.0,100.0,100.0,sub-011_ses-nosession_CBOFF_CBOFF_run-1,2.0,2.0,2.0,223.0,11.0,200.0,sub-011,CBOFF
gradCPT_simultaneous_EEG_fMRI_DTI_OpenNeuro_ds006040,data/pooled_raw_schaefer100_mni_proxy_full_mask_min80/run_cache/gradCPT_simultaneous_EEG_fMRI_DTI_OpenNeuro_ds006040/sub-012_ses-nosession_CBOFF_CBOFF_run-1.npz,False,106,1.0,100.0,100.0,sub-012_ses-nosession_CBOFF_CBOFF_run-1,2.0,2.0,2.0,221.0,11.0,200.0,sub-012,CBOFF
gradCPT_simultaneous_EEG_fMRI_DTI_OpenNeuro_ds006040,data/pooled_raw_schaefer100_mni_proxy_full_mask_min80/run_cache/gradCPT_simultaneous_EEG_fMRI_DTI_OpenNeuro_ds006040/sub-013_ses-nosession_CBOFF_CBOFF_run-1.npz,False,105,1.0,100.0,100.0,sub-013_ses-nosession_CBOFF_CBOFF_run-1,2.0,2.0,2.0,219.0,11.0,200.0,sub-013,CBOFF
gradCPT_simultaneous_EEG_fMRI_DTI_OpenNeuro_ds006040,data/pooled_raw_schaefer100_mni_proxy_full_mask_min80/run_cache/gradCPT_simultaneous_EEG_fMRI_DTI_OpenNeuro_ds006040/sub-014_ses-nosession_CBOFF_CBOFF_run-1.npz,False,106,1.0,100.0,100.0,sub-014_ses-nosession_CBOFF_CBOFF_run-1,2.0,2.0,2.0,221.0,11.0,200.0,sub-014,CBOFF
gradCPT_simultaneous_EEG_fMRI_DTI_OpenNeuro_ds006040,data/pooled_raw_schaefer100_mni_proxy_full_mask_min80/run_cache/gradCPT_simultaneous_EEG_fMRI_DTI_OpenNeuro_ds006040/sub-015_ses-nosession_ECOFF_ECOFF_run-1.npz,False,101,1.0,100.0,100.0,sub-015_ses-nosession_ECOFF_ECOFF_run-1,2.0,2.0,2.0,211.0,11.0,200.0,sub-015,ECOFF
gradCPT_simultaneous_EEG_fMRI_DTI_OpenNeuro_ds006040,data/pooled_raw_schaefer100_mni_proxy_full_mask_min80/run_cache/gradCPT_simultaneous_EEG_fMRI_DTI_OpenNeuro_ds006040/sub-016_ses-nosession_CBOFF_CBOFF_run-1.npz,False,129,1.0,100.0,100.0,sub-016_ses-nosession_CBOFF_CBOFF_run-1,2.0,2.0,2.0,267.0,11.0,200.0,sub-016,CBOFF
gradCPT_simultaneous_EEG_fMRI_DTI_OpenNeuro_ds006040,data/pooled_raw_schaefer100_mni_proxy_full_mask_min80/run_cache/gradCPT_simultaneous_EEG_fMRI_DTI_OpenNeuro_ds006040/sub-017_ses-nosession_CBOFF_CBOFF_run-1.npz,False,105,1.0,100.0,100.0,sub-017_ses-nosession_CBOFF_CBOFF_run-1,2.0,2.0,2.0,219.0,11.0,200.0,sub-017,CBOFF
gradCPT_simultaneous_EEG_fMRI_DTI_OpenNeuro_ds006040,data/pooled_raw_schaefer100_mni_proxy_full_mask_min80/run_cache/gradCPT_simultaneous_EEG_fMRI_DTI_OpenNeuro_ds006040/sub-018_ses-nosession_CBOFF_CBOFF_run-1.npz,False,110,1.0,100.0,100.0,sub-018_ses-nosession_CBOFF_CBOFF_run-1,2.0,2.0,2.0,229.0,11.0,200.0,sub-018,CBOFF
gradCPT_simultaneous_EEG_fMRI_DTI_OpenNeuro_ds006040,data/pooled_raw_schaefer100_mni_proxy_full_mask_min80/run_cache/gradCPT_simultaneous_EEG_fMRI_DTI_OpenNeuro_ds006040/sub-019_ses-nosession_CBOFF_CBOFF_run-1.npz,False,104,1.0,100.0,100.0,sub-019_ses-nosession_CBOFF_CBOFF_run-1,2.0,2.0,2.0,217.0,11.0,200.0,sub-019,CBOFF
gradCPT_simultaneous_EEG_fMRI_DTI_OpenNeuro_ds006040,data/pooled_raw_schaefer100_mni_proxy_full_mask_min80/run_cache/gradCPT_simultaneous_EEG_fMRI_DTI_OpenNeuro_ds006040/sub-020_ses-nosession_CBOFF_CBOFF_run-1.npz,False,105,1.0,100.0,100.0,sub-020_ses-nosession_CBOFF_CBOFF_run-1,2.0,2.0,2.0,219.0,11.0,200.0,sub-020,CBOFF
gradCPT_simultaneous_EEG_fMRI_DTI_OpenNeuro_ds006040,data/pooled_raw_schaefer100_mni_proxy_full_mask_min80/run_cache/gradCPT_simultaneous_EEG_fMRI_DTI_OpenNeuro_ds006040/sub-021_ses-nosession_CBOFF_CBOFF_run-1.npz,False,103,1.0,100.0,100.0,sub-021_ses-nosession_CBOFF_CBOFF_run-1,2.0,2.0,2.0,215.0,11.0,200.0,sub-021,CBOFF
gradCPT_simultaneous_EEG_fMRI_DTI_OpenNeuro_ds006040,data/pooled_raw_schaefer100_mni_proxy_full_mask_min80/run_cache/gradCPT_simultaneous_EEG_fMRI_DTI_OpenNeuro_ds006040/sub-022_ses-nosession_CBOFF_CBOFF_run-1.npz,False,102,1.0,100.0,100.0,sub-022_ses-nosession_CBOFF_CBOFF_run-1,2.0,2.0,2.0,213.0,11.0,200.0,sub-022,CBOFF
gradCPT_simultaneous_EEG_fMRI_DTI_OpenNeuro_ds006040,data/pooled_raw_schaefer100_mni_proxy_full_mask_min80/run_cache/gradCPT_simultaneous_EEG_fMRI_DTI_OpenNeuro_ds006040/sub-023_ses-nosession_CBOFF_CBOFF_run-1.npz,False,102,1.0,100.0,100.0,sub-023_ses-nosession_CBOFF_CBOFF_run-1,2.0,2.0,2.0,213.0,11.0,200.0,sub-023,CBOFF
gradCPT_simultaneous_EEG_fMRI_DTI_OpenNeuro_ds006040,data/pooled_raw_schaefer100_mni_proxy_full_mask_min80/run_cache/gradCPT_simultaneous_EEG_fMRI_DTI_OpenNeuro_ds006040/sub-024_ses-nosession_CBOFF_CBOFF_run-1.npz,False,104,1.0,100.0,100.0,sub-024_ses-nosession_CBOFF_CBOFF_run-1,2.0,2.0,2.0,217.0,11.0,200.0,sub-024,CBOFF
gradCPT_simultaneous_EEG_fMRI_DTI_OpenNeuro_ds006040,data/pooled_raw_schaefer100_mni_proxy_full_mask_min80/run_cache/gradCPT_simultaneous_EEG_fMRI_DTI_OpenNeuro_ds006040/sub-025_ses-nosession_CBOFF_CBOFF_run-1.npz,False,107,1.0,100.0,100.0,sub-025_ses-nosession_CBOFF_CBOFF_run-1,2.0,2.0,2.0,223.0,11.0,200.0,sub-025,CBOFF
gradCPT_simultaneous_EEG_fMRI_DTI_OpenNeuro_ds006040,data/pooled_raw_schaefer100_mni_proxy_full_mask_min80/run_cache/gradCPT_simultaneous_EEG_fMRI_DTI_OpenNeuro_ds006040/sub-026_ses-nosession_CBOFF_CBOFF_run-1.npz,False,101,1.0,100.0,100.0,sub-026_ses-nosession_CBOFF_CBOFF_run-1,2.0,2.0,2.0,211.0,11.0,200.0,sub-026,CBOFF
gradCPT_simultaneous_EEG_fMRI_DTI_OpenNeuro_ds006040,data/pooled_raw_schaefer100_mni_proxy_full_mask_min80/run_cache/gradCPT_simultaneous_EEG_fMRI_DTI_OpenNeuro_ds006040/sub-027_ses-nosession_CBOFF_CBOFF_run-1.npz,False,101,1.0,100.0,100.0,sub-027_ses-nosession_CBOFF_CBOFF_run-1,2.0,2.0,2.0,211.0,11.0,200.0,sub-027,CBOFF
gradCPT_simultaneous_EEG_fMRI_DTI_OpenNeuro_ds006040,data/pooled_raw_schaefer100_mni_proxy_full_mask_min80/run_cache/gradCPT_simultaneous_EEG_fMRI_DTI_OpenNeuro_ds006040/sub-028_ses-nosession_CBOFF_CBOFF_run-1.npz,False,127,1.0,100.0,100.0,sub-028_ses-nosession_CBOFF_CBOFF_run-1,2.0,2.0,2.0,263.0,11.0,200.0,sub-028,CBOFF
gradCPT_simultaneous_EEG_fMRI_DTI_OpenNeuro_ds006040,data/pooled_raw_schaefer100_mni_proxy_full_mask_min80/run_cache/gradCPT_simultaneous_EEG_fMRI_DTI_OpenNeuro_ds006040/sub-029_ses-nosession_CBOFF_CBOFF_run-1.npz,False,108,1.0,100.0,100.0,sub-029_ses-nosession_CBOFF_CBOFF_run-1,2.0,2.0,2.0,225.0,11.0,200.0,sub-029,CBOFF
natview,data/pooled_raw_schaefer100_mni_proxy_full_mask_min80/run_cache/natview/sub-01_ses-01_rest.npz,False,282,1.0,100.0,100.0,sub-01_ses-01_rest,2.10003662109375,2.100006103515625,2.0999755859375,601.6499633789062,11.550000190734863,200.0,sub-01,rest
natview,data/pooled_raw_schaefer100_mni_proxy_full_mask_min80/run_cache/natview/sub-02_ses-01_rest.npz,False,285,1.0,100.0,100.0,sub-02_ses-01_rest,2.10003662109375,2.100006103515625,2.0999755859375,607.949951171875,11.550000190734863,200.0,sub-02,rest
natview,data/pooled_raw_schaefer100_mni_proxy_full_mask_min80/run_cache/natview/sub-03_ses-01_rest.npz,False,280,1.0,100.0,100.0,sub-03_ses-01_rest,2.10003662109375,2.100006103515625,2.0999755859375,597.449951171875,11.550000190734863,200.0,sub-03,rest
natview,data/pooled_raw_schaefer100_mni_proxy_full_mask_min80/run_cache/natview/sub-04_ses-01_rest.npz,False,288,1.0,100.0,100.0,sub-04_ses-01_rest,2.10003662109375,2.100006103515625,2.0999755859375,614.25,11.550000190734863,200.0,sub-04,rest
natview,data/pooled_raw_schaefer100_mni_proxy_full_mask_min80/run_cache/natview/sub-05_ses-01_rest.npz,False,256,1.0,100.0,100.0,sub-05_ses-01_rest,2.10003662109375,2.100006103515625,2.0999755859375,547.0499877929688,11.550000190734863,200.0,sub-05,rest
natview,data/pooled_raw_schaefer100_mni_proxy_full_mask_min80/run_cache/natview/sub-06_ses-01_rest.npz,False,280,1.0,100.0,100.0,sub-06_ses-01_rest,2.10003662109375,2.100006103515625,2.0999755859375,597.449951171875,11.550000190734863,200.0,sub-06,rest
natview,data/pooled_raw_schaefer100_mni_proxy_full_mask_min80/run_cache/natview/sub-07_ses-01_rest.npz,False,288,1.0,100.0,100.0,sub-07_ses-01_rest,2.10003662109375,2.100006103515625,2.0999755859375,614.25,11.550000190734863,200.0,sub-07,rest
natview,data/pooled_raw_schaefer100_mni_proxy_full_mask_min80/run_cache/natview/sub-08_ses-01_rest.npz,False,265,1.0,100.0,100.0,sub-08_ses-01_rest,2.10003662109375,2.100006103515625,2.0999755859375,565.949951171875,11.550000190734863,200.0,sub-08,rest
natview,data/pooled_raw_schaefer100_mni_proxy_full_mask_min80/run_cache/natview/sub-09_ses-01_rest.npz,False,234,1.0,100.0,100.0,sub-09_ses-01_rest,2.100006103515625,2.100006103515625,2.0999755859375,500.8499755859375,11.550000190734863,200.0,sub-09,rest
natview,data/pooled_raw_schaefer100_mni_proxy_full_mask_min80/run_cache/natview/sub-10_ses-01_rest.npz,False,250,1.0,100.0,100.0,sub-10_ses-01_rest,2.10003662109375,2.100006103515625,2.0999755859375,534.449951171875,11.550000190734863,200.0,sub-10,rest
natview,data/pooled_raw_schaefer100_mni_proxy_full_mask_min80/run_cache/natview/sub-11_ses-01_rest.npz,False,272,1.0,100.0,100.0,sub-11_ses-01_rest,2.10003662109375,2.100006103515625,2.0999755859375,580.6499633789062,11.550000190734863,200.0,sub-11,rest
natview,data/pooled_raw_schaefer100_mni_proxy_full_mask_min80/run_cache/natview/sub-12_ses-01_rest.npz,False,271,1.0,100.0,100.0,sub-12_ses-01_rest,2.10003662109375,2.100006103515625,2.0999755859375,578.5499877929688,11.550000190734863,200.0,sub-12,rest
natview,data/pooled_raw_schaefer100_mni_proxy_full_mask_min80/run_cache/natview/sub-13_ses-01_rest.npz,False,280,1.0,100.0,100.0,sub-13_ses-01_rest,2.10003662109375,2.100006103515625,2.0999755859375,597.449951171875,11.550000190734863,200.0,sub-13,rest
natview,data/pooled_raw_schaefer100_mni_proxy_full_mask_min80/run_cache/natview/sub-14_ses-01_rest.npz,False,272,1.0,100.0,100.0,sub-14_ses-01_rest,2.10003662109375,2.100006103515625,2.0999755859375,580.6499633789062,11.550000190734863,200.0,sub-14,rest
natview,data/pooled_raw_schaefer100_mni_proxy_full_mask_min80/run_cache/natview/sub-15_ses-01_rest.npz,False,261,1.0,100.0,100.0,sub-15_ses-01_rest,2.10003662109375,2.100006103515625,2.0999755859375,557.5499877929688,11.550000190734863,200.0,sub-15,rest
natview,data/pooled_raw_schaefer100_mni_proxy_full_mask_min80/run_cache/natview/sub-16_ses-01_rest.npz,False,247,1.0,100.0,100.0,sub-16_ses-01_rest,2.10003662109375,2.100006103515625,2.0999755859375,528.1499633789062,11.550000190734863,200.0,sub-16,rest
natview,data/pooled_raw_schaefer100_mni_proxy_full_mask_min80/run_cache/natview/sub-17_ses-01_rest.npz,False,237,1.0,100.0,100.0,sub-17_ses-01_rest,2.100006103515625,2.100006103515625,2.0999755859375,507.14996337890625,11.550000190734863,200.0,sub-17,rest
natview,data/pooled_raw_schaefer100_mni_proxy_full_mask_min80/run_cache/natview/sub-18_ses-01_rest.npz,False,281,1.0,100.0,100.0,sub-18_ses-01_rest,2.10003662109375,2.100006103515625,2.0999755859375,599.5499877929688,11.550000190734863,200.0,sub-18,rest
natview,data/pooled_raw_schaefer100_mni_proxy_full_mask_min80/run_cache/natview/sub-19_ses-01_rest.npz,False,193,1.0,100.0,100.0,sub-19_ses-01_rest,2.100006103515625,2.100006103515625,2.0999755859375,414.7499694824219,11.550000190734863,200.0,sub-19,rest
natview,data/pooled_raw_schaefer100_mni_proxy_full_mask_min80/run_cache/natview/sub-20_ses-01_rest.npz,False,286,1.0,100.0,100.0,sub-20_ses-01_rest,2.10003662109375,2.100006103515625,2.0999755859375,610.0499877929688,11.550000190734863,200.0,sub-20,rest
natview,data/pooled_raw_schaefer100_mni_proxy_full_mask_min80/run_cache/natview/sub-21_ses-01_rest.npz,False,235,1.0,100.0,100.0,sub-21_ses-01_rest,2.100006103515625,2.100006103515625,2.0999755859375,502.9499816894531,11.550000190734863,200.0,sub-21,rest
natview,data/pooled_raw_schaefer100_mni_proxy_full_mask_min80/run_cache/natview/sub-22_ses-01_rest.npz,False,284,1.0,100.0,100.0,sub-22_ses-01_rest,2.10003662109375,2.100006103515625,2.0999755859375,605.8499755859375,11.550000190734863,200.0,sub-22,rest
natview,data/pooled_raw_schaefer100_neurostorm_official_natview_labram_eeg/run_cache/natview/sub-01_ses-01_rest.npz,True,282,1.0,100.0,100.0,sub-01_ses-01_rest,2.10003662109375,2.100006103515625,2.0999755859375,601.6499633789062,11.550000190734863,200.0,sub-01,rest
natview,data/pooled_raw_schaefer100_neurostorm_official_natview_labram_eeg/run_cache/natview/sub-02_ses-01_rest.npz,True,283,1.0,100.0,100.0,sub-02_ses-01_rest,2.10003662109375,2.100006103515625,2.0999755859375,603.75,11.550000190734863,200.0,sub-02,rest
natview,data/pooled_raw_schaefer100_neurostorm_official_natview_labram_eeg/run_cache/natview/sub-03_ses-01_rest.npz,True,280,1.0,100.0,100.0,sub-03_ses-01_rest,2.10003662109375,2.100006103515625,2.0999755859375,597.449951171875,11.550000190734863,200.0,sub-03,rest
natview,data/pooled_raw_schaefer100_neurostorm_official_natview_labram_eeg/run_cache/natview/sub-04_ses-01_rest.npz,True,283,1.0,100.0,100.0,sub-04_ses-01_rest,2.10003662109375,2.100006103515625,2.0999755859375,603.75,11.550000190734863,200.0,sub-04,rest
natview,data/pooled_raw_schaefer100_neurostorm_official_natview_labram_eeg/run_cache/natview/sub-05_ses-01_rest.npz,True,256,1.0,100.0,100.0,sub-05_ses-01_rest,2.10003662109375,2.100006103515625,2.0999755859375,547.0499877929688,11.550000190734863,200.0,sub-05,rest
natview,data/pooled_raw_schaefer100_neurostorm_official_natview_labram_eeg/run_cache/natview/sub-06_ses-01_rest.npz,True,280,1.0,100.0,100.0,sub-06_ses-01_rest,2.10003662109375,2.100006103515625,2.0999755859375,597.449951171875,11.550000190734863,200.0,sub-06,rest
natview,data/pooled_raw_schaefer100_neurostorm_official_natview_labram_eeg/run_cache/natview/sub-07_ses-01_rest.npz,True,283,1.0,100.0,100.0,sub-07_ses-01_rest,2.10003662109375,2.100006103515625,2.0999755859375,603.75,11.550000190734863,200.0,sub-07,rest
natview,data/pooled_raw_schaefer100_neurostorm_official_natview_labram_eeg/run_cache/natview/sub-08_ses-01_rest.npz,True,265,1.0,100.0,100.0,sub-08_ses-01_rest,2.10003662109375,2.100006103515625,2.0999755859375,565.949951171875,11.550000190734863,200.0,sub-08,rest
natview,data/pooled_raw_schaefer100_neurostorm_official_natview_labram_eeg/run_cache/natview/sub-09_ses-01_rest.npz,True,234,1.0,100.0,100.0,sub-09_ses-01_rest,2.100006103515625,2.100006103515625,2.0999755859375,500.8499755859375,11.550000190734863,200.0,sub-09,rest
natview,data/pooled_raw_schaefer100_neurostorm_official_natview_labram_eeg/run_cache/natview/sub-10_ses-01_rest.npz,True,250,1.0,100.0,100.0,sub-10_ses-01_rest,2.10003662109375,2.100006103515625,2.0999755859375,534.449951171875,11.550000190734863,200.0,sub-10,rest
natview,data/pooled_raw_schaefer100_neurostorm_official_natview_labram_eeg/run_cache/natview/sub-11_ses-01_rest.npz,True,272,1.0,100.0,100.0,sub-11_ses-01_rest,2.10003662109375,2.100006103515625,2.0999755859375,580.6499633789062,11.550000190734863,200.0,sub-11,rest
natview,data/pooled_raw_schaefer100_neurostorm_official_natview_labram_eeg/run_cache/natview/sub-12_ses-01_rest.npz,True,271,1.0,100.0,100.0,sub-12_ses-01_rest,2.10003662109375,2.100006103515625,2.0999755859375,578.5499877929688,11.550000190734863,200.0,sub-12,rest
natview,data/pooled_raw_schaefer100_neurostorm_official_natview_labram_eeg/run_cache/natview/sub-13_ses-01_rest.npz,True,280,1.0,100.0,100.0,sub-13_ses-01_rest,2.10003662109375,2.100006103515625,2.0999755859375,597.449951171875,11.550000190734863,200.0,sub-13,rest
natview,data/pooled_raw_schaefer100_neurostorm_official_natview_labram_eeg/run_cache/natview/sub-14_ses-01_rest.npz,True,272,1.0,100.0,100.0,sub-14_ses-01_rest,2.10003662109375,2.100006103515625,2.0999755859375,580.6499633789062,11.550000190734863,200.0,sub-14,rest
natview,data/pooled_raw_schaefer100_neurostorm_official_natview_labram_eeg/run_cache/natview/sub-15_ses-01_rest.npz,True,261,1.0,100.0,100.0,sub-15_ses-01_rest,2.10003662109375,2.100006103515625,2.0999755859375,557.5499877929688,11.550000190734863,200.0,sub-15,rest
natview,data/pooled_raw_schaefer100_neurostorm_official_natview_labram_eeg/run_cache/natview/sub-16_ses-01_rest.npz,True,247,1.0,100.0,100.0,sub-16_ses-01_rest,2.10003662109375,2.100006103515625,2.0999755859375,528.1499633789062,11.550000190734863,200.0,sub-16,rest
natview,data/pooled_raw_schaefer100_neurostorm_official_natview_labram_eeg/run_cache/natview/sub-17_ses-01_rest.npz,True,237,1.0,100.0,100.0,sub-17_ses-01_rest,2.100006103515625,2.100006103515625,2.0999755859375,507.14996337890625,11.550000190734863,200.0,sub-17,rest
natview,data/pooled_raw_schaefer100_neurostorm_official_natview_labram_eeg/run_cache/natview/sub-18_ses-01_rest.npz,True,281,1.0,100.0,100.0,sub-18_ses-01_rest,2.10003662109375,2.100006103515625,2.0999755859375,599.5499877929688,11.550000190734863,200.0,sub-18,rest
natview,data/pooled_raw_schaefer100_neurostorm_official_natview_labram_eeg/run_cache/natview/sub-19_ses-01_rest.npz,True,193,1.0,100.0,100.0,sub-19_ses-01_rest,2.100006103515625,2.100006103515625,2.0999755859375,414.7499694824219,11.550000190734863,200.0,sub-19,rest
natview,data/pooled_raw_schaefer100_neurostorm_official_natview_labram_eeg/run_cache/natview/sub-20_ses-01_rest.npz,True,283,1.0,100.0,100.0,sub-20_ses-01_rest,2.10003662109375,2.100006103515625,2.0999755859375,603.75,11.550000190734863,200.0,sub-20,rest
natview,data/pooled_raw_schaefer100_neurostorm_official_natview_labram_eeg/run_cache/natview/sub-21_ses-01_rest.npz,True,235,1.0,100.0,100.0,sub-21_ses-01_rest,2.100006103515625,2.100006103515625,2.0999755859375,502.9499816894531,11.550000190734863,200.0,sub-21,rest
natview,data/pooled_raw_schaefer100_neurostorm_official_natview_labram_eeg/run_cache/natview/sub-22_ses-01_rest.npz,True,283,1.0,100.0,100.0,sub-22_ses-01_rest,2.10003662109375,2.100006103515625,2.0999755859375,603.75,11.550000190734863,200.0,sub-22,rest
